name,detailed_info,address,tags
고창 고인돌 유적 [유네스코 세계유산],"고인돌은 청동기시대 대표적인 무덤양식으로, 우리나라에 3만여 기 이상이 분포되어 있는 것으로 알려져 있다. 그중에서도 전남과 전북을 포함한 한반도 서남해안 지역에 밀집 분포하고 있다. 전북지역은 2003년 조사 기준으로 424개 군집에 2,632기가 분포한 것으로 알려져 있다. 특히 고창군은 2023년 조사기준으로 전북 고인돌의 65% 이상인 1,748기의 고인돌이 존재하는 것으로 파악되었다. 고창 고인돌유적은 죽림리와 상갑리, 도산리 일대에 무리 지어 분포하고, 2000년 12월 유네스코 세계문화유산에 등재되었다. 단일 구역으로서는 우리나라에서 가장 큰 군집을 이루고 있을 뿐만 아니라 탁자식, 바둑판식, 개석식 등 다양한 형식의 고인돌이 한 지역에 분포한다. 또한 고인돌 축조과정을 알 수 있는 채석장의 존재 등 동북아시아 고인돌 변천사를 규명하는 데 있어 중요한 자료가 되고 있다. 세계유산위원회에서는 등재 기준 제3항(독특하거나 아주 오래된 것)을 적용, 세계유산적 가치를 인정했다. 고창은 고인돌 박물관을 비롯하여 제1코스 ~ 제5코스 1.8km (고창읍 죽림리, 아산면 상갑리 일대), 제6코스 1.7km (고창읍 도산리 일대)를 탐방코스로 만들어 3천 년 전 다양한 고인돌의 모습 그대로 전승하여 오고 있다.",전북특별자치도 고창군 고창읍 죽림리 665-9,"['#2024_여행가는달과함께하는_발도장여행지', '#가족여행', '#고창가볼만한곳', '#고창고인돌유적', '#고창여행', '#관광지', '#교과서속여행', '#아이와함께', '#역사', '#역사유적지', '#유네스코세계문화유산', '#전통&역사문화체험', '#친구와함께']"
고창웰파크시티		,"고창 웰파크시티는 고창군 고창읍에 있는 1,501,011.3m² 면적의 국내 최대 복합 힐링 단지로, 힐링카운티, 석정휴스파, 먹거리, 마사지, 의료 서비스 등 다양한 시설을 고루 갖추고 있다. 관광과 레저를 동시에 즐길 수 있는 가족형 리조트다. 대표적인 휴양 레저 시설인 힐링카운티에서는 황토와 편백나무로 지은 황토 펜션 속에서 면역을 키우는 프로그램을 경험할 수 있다. 석정휴스파는 게르마늄이 함유된 온천수를 사용해 온천욕을 즐길 수 있으며, 2,000명이 동시 사용한 로커 공간 및 다양한 먹거리 공간과 편의시설이 있다. 그 외 은퇴 후 건강과 휴양을 위한 석정웰파크병원, 체계적인 건강 관리와 노후를 준비할 수 있는 실버타운 고창 타워, 라운딩 할 수 있는 가족형 석정힐 C.C 등이 있다.",전북특별자치도 고창군 고창읍 석정2로 173 ,"['#고창가볼만한곳', '#고창가족여행', '#고창리조트', '#고창여행', '#고창온천', '#문화시설', '#석정휴스파']"
김정회고가,"조선 개국공신 김사형의 후손으로 학자이며 예술가인 보정 김정회(1903∼1970)의 생가로 김정회의 고조 때부터 살던 곳이다. 고가가 위치한 도산마을은 안동김씨와 청도김씨의 세거지로서, 다른 곳에 비해 고가가 많이 남아 있는데, 김정회고가는 그중에서도 가장 오래된 고가이다. 현재 안채와 사랑채, 문간채, 사랑채, 사당, 곳간 등으로 이루어져 있다.앞면 6칸·옆면 3칸의 안채는 지붕 옆면이 여덟 팔자 모양인 팔작지붕집이며, 후대에 양쪽에 각각 1칸씩 덧붙였다. 안마당보다 높이 자리 잡고 있는 안채의 양식은 다른 집에 비하여 특이하다. 안채의 앞쪽에 위치한 사랑채는 앞면 4칸·옆면 3칸의 팔작지붕이다. 안채와 사랑채에 비해 훨씬 뒤에 지은 것으로 보이는 행랑채는 앞면 3칸·옆면 2칸 규모이며, 지붕 옆면이 사람 인자 모양인 간결한 맞배지붕이다. 안채의 양쪽으로 곳간채가 1동씩 있으며, 뒤로는 사당이 있다.조선 후기에 지은 전형적인 상류계층의 가옥으로 현재 후손이 거주하고 있다. 외부관람은 가능하며 내부관람 여부는 사전에 방문 가능 여부를 문의해야 한다.",전북특별자치도 고창군 고창읍 도산1길 16 (고창읍),"['#가족여행', '#고창여행', '#관광지', '#문화재', '#역사', '#역사공부', '#역사관광지', '#역사문화재', '#역사탐방', '#연중무휴', '#전북특별자치도민속문화재']"
미당 서정주 생가,"고창의 선운사, 질마재 부근 진마마을에 위치한 미당 서정주의 생가이다. 미당은 어린 시절 이 집에서 서당을 다니다가 10살 때 인근의 줄포로 이사하여 줄포보통학교를 졸업하고, 15세 때인 1929년 서울 계동에 있는 중앙고등보통학교에 입학하였다. 이곳은 그가 아홉 살 무렵 부안 줄포보통학교에 입학하려고 이사 가기 전까지 살던 집인 것이다.1942년 부친이 죽은 후 친척이 개조하여 거주하다가 1970년 경부터는 사람이 살지 않은 채로 방치되었고 2001년 복원되었다. 생가 곳곳에는 그의 시와 글이 새겨진 큰 바위가 세워져 있으며 정면 4칸, 측면 2칸의 초가지붕 본채, 정면 3칸, 측면 2칸의 헛간이 있는 초가지붕 아래채가 서로 마주 보고 있다.인근에는 미당 서정주를 기리는 미당 시문학관과 인촌 생가가 위치한다.",전북특별자치도 고창군 부안면 미당길 16 (부안면),"['#고창여행', '#관광지', '#미당서정주', '#서정주', '#역사', '#역사공부', '#역사관광지', '#역사를품은곳', '#역사문화재', '#역사속', '#역사속으로', '#역사여행', '#역사유적', '#역사유적지', '#역사이야기', '#역사탐방', '#역사탐험']"
고창읍성한옥마을,"고창읍성한옥마을은 고창읍성 내에 있는 관아의 객사를 재현한 한옥으로 총 7채의 기와집과 11개 객실로 구성되어 있다. 객실마다 대청마루와 마당이 딸려 있고, 내부에 화장실, 에어컨 등이 있어 편하게 이용할 수 있다. 주변에 고창읍성 둘레길이 있어 고풍스러운 성벽의 아름다움을 느끼며 산책할 수 있고, 도자기와 자수 체험장, 군립미술관, 판소리박물관, 선운골프장 등이 있다. 150대의 전용주차장도 있어 주차에 편리하다. ",전북특별자치도 고창군 동리로 128 한옥체험펜션  ,"['#2024_여행가는달과함께하는_발도장여행지', '#고창숙소', '#고창여행', '#고창한옥', '#숙박', '#한옥']"
고창 무장 동학농민혁명 기포지,"동학농민혁명은 한국근대사에서 전국에 걸쳐 사회개혁 의지를 처음으로 드러낸 역사적인 사건이다. 고창 무장기포지는 우리나라 최초의 민권운동이기도 한 동학혁명의 시발점으로 의미가 매우 큰 유적지이다. 고창군에서 대산면으로 가는 국도 22호선 왼쪽 구수마을 일대에 위치하여 있다. 참고로, 무장은 지명이며 기포지는 동학농민혁명 포고문을 선포한 집결지를 의미한다. 동학농민혁명의 참뜻을 기리기 위해 조성된 이곳에는 동학농민혁명의 훈련장으로 사용된 터와 [갑오동학농민군 고창주 의장 추모비]가 자리하고 있다. 또한, 갑오 동학농민혁명을 이끈 전봉준 총대장, 김개남 총관령과 손화중 총관령 세 지도자와 동학농민혁명 당시 고창군으로 통합되기 이전인 고창현, 무장현, 홍덕현을 의미하는 늘 푸른 소나무 세 그루를 상징적으로 식재해 놓았다. 기존 기포지에 설치되어 있었던 동학농민혁명 기념탑과 조형물들은 고창동학농민혁명 성지화사업 진행으로 (구)신황초등학교에 옮겨 놓았으므로 함께 연계해서 방문하는 것도 의미가 있다.",전북특별자치도 고창군 공음면 구암리 ,"['#고창여행', '#관광지', '#문화재', '#사적', '#아이와함께', '#역사', '#역사공부', '#역사관광지', '#역사를품은곳', '#역사속', '#역사속으로', '#역사유적지', '#역사탐방', '#역사탐험']"
골프존카운티선운		,"골프존카운티선운은 화시코스와 선운코스로 이루어진 18홀 규모의 골프장이다. 자연적으로 만들어진 평원과 5개의 계곡, 바다 같은 호수를 만날 수 있어 자연과 잘 조화된 골프장이다. 골프존 카운티 선운 내에는 40여 명을 수용할 수 있는 골프텔 스테이 선운 호텔이 있으며, 대나무를 이용한 인테리어로 자연의 정취를 느낄 수 있어 편안한 골프여행이 가능하다. 주변을 에워싼 울창한 자연림으로 바람으로부터 자유롭고, 18홀 모두 햇빛을 등지고 플레이할 수 있는 장점이 있다. 클럽하우스 내에 레스토랑, 프로숍, 라커룸, 사우나가 있으며, 옥상의 정원에는 테라스가 갖춰져 있어 밤에는 별구경도 할 수 있다.",전북특별자치도 고창군 아산면 운곡로 418 ,"['#1박2일골프여행', '#고창여행', '#골프존카운티선운CC', '#도심속골프장', '#레포츠', '#명품골프장', '#선운cc', '#전라도골프장']"
구시포항,"1800년 무렵부터 소금을 생산하던 포구로써 염전을 일구기 위하여 설치한 수문 모양이 소의 구시통(구유의 방언)처럼 생겼다고 하여 현재의 이름이 붙어졌다. 주변 경치가 아름다워 해양수산부에서 선정한 '아름다운 어촌 100선'에 뽑혔으며, 울창한 송림과 넓고 단단한 모래사장을 갖춘 구시포 해수욕장과 해수 찜이 잘 알려져 있다. 고창의 남쪽 끝에 위치한 구시포항은 여느 항구와 달리 육지에서 떨어져 있는 가막도라는 섬에 자리하고 있다. 다른 항구에 비해 조수간만의 영향을 받지 않고 어선이 입출항할 수 있는 조건을 갖추고 있으며, 항구를 와인잔 형태로 넓게 정비하면서 바다로 뻗은 800m의 긴 제방과 등대, 전망데크, 트릭아트, 공원 등의 시설을 갖춰 더욱 쾌적하고 즐겁게 항구를 즐길 수 있다.",전북특별자치도 고창군 상하면 자룡리 984 ,"['#경치', '#관광지', '#낚시명소', '#노을', '#등대', '#아름다운어촌', '#와인잔모양', '#항구']"
흥덕향교,"1621년(광해군 13) 창건되었고 1675년(숙종 1) 당시 흥덕현 유림들의 숙원으로 숙종의 어명에 의해 중건되었다. 자연경사를 따라 앞쪽에는 강학공간인 명륜당, 뒤쪽에는 문묘공간인 대성전을 두어 전학후묘를 이룸으로써 향교 건축의 전형적인 배치양식을 따랐다. 이곳에는 공자를 비롯하여 중국의 4성(안자·증자·자사·맹자), 중국 송대의 4현(주돈이·주희·정명도·정이천), 한국의 18현(설총·안향·김굉필·조광조·이황·이이·김장생·김집·송준길·최치원·정몽주·정여창·이언적·김인후·성혼·조헌·송시열·박세채)을 배향하고 있다. 향교 진입로에는 전라북도 유형문화재로 지정된 흥덕 당간지주(불화를 걸던 당간을 지탱하기 위하여 좌, 우에 세우던 기둥)가 있는데 근처에 고려시대까지 갈공사라는 사찰이 있었다고 한다.",전북특별자치도 고창군 흥덕면 흥덕향교길 28-12 ,"['#고창여행', '#관광지', '#문화재', '#역사', '#역사관광지', '#역사를품은곳', '#역사문화재', '#역사속', '#역사속으로', '#역사유적', '#역사유적지', '#역사이야기', '#역사탐방', '#역사탐험', '#유적지', '#전북특별자치도문화재자료', '#향교']"
전봉준 장군 생가터,"동학농민혁명의 핵심 인물이자 지도자였던 전봉준 장군은 1855년 12월 3일 이곳 고창읍 죽림리 63번지 당촌 마을에서 서당 훈장을 하던 전장혁의 아들로 태어나 13세 무렵까지 살았던 곳이다. 당시에는 서당, 안채, 사랑채 등이 있었으나 동학농민혁명 기간 중 모두 소실되었다. 오척 단신의 작은 체구 때문에 녹두라는 별명을 얻어 일명 녹두장군으로 알려지게 되었다. 전봉준 장군이 주도한 동학농민혁명은 봉건적 지배세력에 의한 수탈과 억압에 반대한 민족운동이며 제국주의적 외세 침략에 맞선 국권수호운동으로 갑오개혁의 도하선이 되었으며 보국안민의 기치를 높이 세운 최초의 민중항쟁이었다. 전봉준 생가터는 한국 역사상 최대의 혁명적 사건인 동학농민혁명을 도모하고 이끈 최고 지도자가 태어나고 유년기를 보낸 상징적인 장소로 가치를 인정받아 전라북도 기념물로 지정됐다.",전북특별자치도 고창군 고창읍 당촌길 41-8 ,"['#고창여행', '#관광지', '#문화재', '#역사', '#역사공부', '#역사관광지', '#역사를품은곳', '#역사문화재', '#역사속', '#역사속으로', '#역사여행', '#역사유적', '#역사유적지', '#역사이야기', '#역사탐방', '#역사탐험', '#전봉준', '#전북특별자치도기념물']"
만돌갯벌체험학습장,"만돌은 만개의 굴뚝이 서있다. 만개의 집이라는 뜻이다. 만돌마을은 무려 6km로나 되는 갯벌을 보유하고 있다. 일단 무한한 갯벌 크기에 한 번 놀라고, 큼직한 조개를 캐는 재미에 한 번 더 놀라게 된다. 갯벌체험이 바다의 선물이었다면, 염전체험은 하늘의 선물일 것이다.천일염체험은 아이들에게 하늘과 바다의 선물이 될 것이다. 무한한 갯벌을 트랙터를 개조한 갯벌버스를 이용하여 상쾌한 기분을 만끽할 수 있으며, 마을 앞 죽도의 원시생태체험, 염전체험, 원시어로법인 횃불어로체험, 갯벌체험 등을 즐길 수 있다. 만돌마을은 바다와 섬 바위가 어우러져 경관이 매우 아름다우며, 명사십리의 길 백사장과 해수모래찜 갯벌위의 외죽도 섬과 도수녁 바위는 만돌마을의 자랑이다. 어촌계에서 직접 주관하여 바다가 살아 숨쉬는 자연 갯벌바닷가로 갯벌 관광버스를 타고 갯벌을 체험할 수 있다.만돌마을은 종합 안내센터 및 샤워장, 주차장 등을 갖추고 갯벌 학습 체험장을 정식으로 개장하였으며 외부 관광객들이 체험에 필요한 갯벌장화, 바지락 캐는 갈퀴, 바구니 등 다양한 장비와 세족장, 식당 등 부대시설을 갖추고 있다. ",전북특별자치도 고창군 심원면 애향갯벌로 320 ,"['#갯벌', '#갯벌체험', '#고창갯벌체험', '#고창여행', '#관광지', '#만돌갯벌체험', '#만돌갯벌체험학습장', '#아이와함께', '#어촌', '#어촌마을', '#어촌체험마을', '#이색체험', '#전라권', '#체험', '#체험학습', '#휴식여행', '#힐링&휴양여행']"
상원사(고창),"방장산 기슭의 고창읍 월곡리에 자리한 사찰로 대한불교조계종 제24교구 본사인 선운사의 말사이다. 상원사는 백제 성왕 23년(546)에 신라의 법사 고봉과 발용에 의해 건립하였다. 당시 신라는 진흥황 시기이었는데 전국적인 불사창건령에 따라 고봉과 발용은 임금의 밀명을 받고 백제 땅까지 들어와 사찰을 지은 것이다. 이후 현재까지 여러 차례 중수하였다. 대웅전은 18세기 중반에 지은 것으로 추정되며, 석가모니불을 주존으로 좌우에 약사불과 아미타불을 모시 상원사의 중심 건물이다. 대웅전은 규모가 작아 다른 사찰의 대웅전에 비해 단정하고 아담한 느낌을 준다.상원사는 호남지역 인사들이 다담을 나누는 명소로 알려져 있는데, 번잡한 세속을 떠나 그윽한 다향 속에서 마음을 비우고 싶을 때 누구든 찾을 수 있는 아담한 고찰이다.",전북특별자치도 고창군 고창읍 월곡리 ,"['#고창상원사', '#고창여행', '#관광지', '#문화재', '#불교', '#불교문화', '#사찰', '#사찰여행', '#역사', '#자연속으로', '#자연환경', '#전북특별자치도문화재자료', '#전통사찰', '#한국불교', '#휴식공간', '#휴식여행', '#휴식하기', '#휴식하기좋은곳']"
들꽃카페,오래된 폐교가 숲과 들꽃이 피어나는 카페가 있는 정원으로 변신한 고창읍 덕정리에 위치한 ‘들꽃카페수목원’이다. 폐교를 개조해서 자연과 어울리는 멋진 카페를 만든 곳으로 넓은 부지에 아름드리 수목은 살리고 학생들이 공부하던 학교 건물은 리모델링을 해서 예쁜 카페를 만들었다. 운동장으로 사용하던 넓은 뜰에는 연못과 정원을 만들어 그 자리에 야생화와 조각과 수석으로 꾸며 산책하며 차를 즐길 수 있게 해 지금은 여행자들이 들러가는 쉼터가 되었다. ,전북특별자치도 고창군 고창읍 태봉로 575 ,"['#고창', '#고창가볼만한곳', '#고창카페', '#들꽃카페', '#음식']"
도솔암(고창),"도솔암의 정확한 창건사실은 알 수 없으나, 사적기에는 선운사와 함께 백제때 창건되었다는 기록이 전해진다. 신라 진흥왕이 말년에 왕위를 버리고 도솔산의 한 굴에서 머물고 있었는데, 어느 날 밤에 바위가 쪼개지며 그 속에서 미륵삼존불이 출현하는 꿈을 꾸고 이에 감응하여 중애사, 선운사, 도솔사 등 여러 사암을 창건하였다는 것이다. 미륵삼존의 출현이나 도솔이라는 이름 등은 도솔암을 미륵신앙을 바탕으로 창건된 사찰임을 추측하게 한다. 특히 도솔암 서편의 거대한 암벽에 새겨진 마애불좌상은 고려 초기의 마애불 계통 불상으로 크게 주목받고 있는데 사람들이 이 마애불을 [미륵불]이라 부르고 있는 데서도 도솔암과 미륵신앙의 깊은 연관성을 말해준다. 현재 도솔암의 전각은 대웅전, 나한전, 도솔천내원궁, 요사 등으로 이루어져 있다.  ",전북특별자치도 고창군 도솔길 294 도솔암  ,"['#가족여행', '#고창여행', '#관광지', '#도솔암', '#문화재', '#불교', '#불교문화', '#사찰', '#사찰&산사', '#사찰여행', '#역사', '#자연속으로', '#자연환경', '#전통사찰', '#친구와함께', '#한국불교', '#휴식공간', '#휴식여행', '#휴식하기', '#휴식하기좋은곳']"
구시포해수욕장,"고창군 최대의 해수욕장으로 길고 넓은 백사장과 울창한 송림을 끼고 있다. 또한, 해변의 경사가 완만해서 가족 단위의 피서지로 제격이다. 백사장 남쪽에는 정유재란 때에 주민 수십 명과 산비둘기 수백 마리가 반년 동안 단을 피했다는 천연동굴이 있고, 해안 일대에는 기암괴석이 널려 있다. 앞바다에는 가막 도를 비롯한 섬들이 아름답게 떠 있고 해 질 무렵 서해 칠산바다를 붉게 물들이는 낙조를 볼 수 있다. 오토캠핑을 즐기려는 사람들이 많이 찾는 해수욕장기도 하다. 주변에는 각종 편의시설이 잘 갖춰져 있다.  ",전북특별자치도 고창군 상하면 자룡리 ,"['#가족여행', '#관광지', '#바다풍경', '#아이와함께', '#여름방학가볼만한곳', '#여름여행', '#여름휴가', '#연인과함께', '#자연', '#친구와함께', '#피서여행']"
무장향교 대성전,"향교는 공자와 훌륭한 유학자의 위패를 모시고 제사를 지내며 지방민의 교육과 교화를 위해 설립된 고려·조선시대의 국립 교육기관이다. 조선시대에는 국가로부터 토지와 노비 등을 지급받아 교관이 교생을 가르쳤으나, 1894년 갑오개혁으로 근대 교육이 본격화되면서 교육적 기능은 폐지되었다. 무장향교 대성전은 1420(세종 2)에 창건되었으며 중국의 4성, 중국 송대의 4현, 우리나라 성현 18현의 위패를 모시고 제사를 지내는 공간이다. 대성전은 뒷면 주초석을 항아리 모양으로 세운 점과 앞뒤의 출목도리 밑에 활주와 같은 기능을 하는 기둥을 세운 점이 매우 특이하다. 또한 충청도의 직산향교 대성전, 신창향교 대성전과 마찬가지로 하방에서 중방까지 좌우와 배면의 벽면을 돌담 장벽과 같이 마련한 점이 특이하다. 조선 시대 향교 건축물 연구에 좋은 자료가 된다.",전북특별자치도 고창군 무장면 교흥교촌길 9 (무장면),"['#고창무장향교', '#관광지', '#교과서속여행', '#대성전', '#무장향교대성전', '#문화재', '#문화재자료', '#역사', '#역사공부', '#역사관광지', '#역사를품은곳', '#역사문화재', '#역사속', '#역사속으로', '#역사유적', '#역사유적지', '#역사이야기', '#역사탐방', '#역사탐험', '#유적지', '#전라권', '#전북특별자치도문화재자료']"
꽃객프로젝트,"1972년 전북 고창의 한 시골 마을에서 시작된 가족 정원이 2010년 새 정원으로 옮겨졌다. 이후 김보헌 대표는 수십 년 경력의 원예 전문가인 아버지의 대를 이어 나무를 심고 꽃을 가꾸며 민간정원을 아름답게 꾸며가는 중이다. 정원에 들어서면 귀하고 멋진 반송이 반겨준다. 특히 가을이면 몽환적인 핑크색의 핑크뮬리로 뒤덮여 장관을 이룬다. 새로운 정원 ""꽃객프로젝트""로 2019년부터 고창 핑크뮬리 축제도 진행하고 있다. 66,000m²의 정원에 펼쳐진 10여 만 본의 핑크뮬리, 핑크메밀, 백일홍, 천일홍, 코키아 등 아름다운 꽃들과 정원수들을 감상할 수 있다. 꽃과 정원을 찾는 여행객인 '꽃객'은 현명한 로컬여행에 참여하며 즐거운 추억을 쌓게 된다. ",전북특별자치도 고창군 부안면 복분자로 307 ,"['#고창수목원', '#고창핑크뮬리', '#고창핑크뮬리축제', '#관광지', '#꽃객프로젝트', '#민간정원', '#팜정원', '#핑크뮬리', '#핑크뮬리축제']"
태흥갈비,"태흥갈비의 대표메뉴인 양념 돼지갈비는 양념이 깊게 잘 배어 있으며 달달한 간장소스의 맛이 별미이다. 양념돼지갈비와 생갈비구이는 숯불로 구워 먹는 방식이라 숯불의 향과 어우러져 더욱 풍미 있는 고기의 맛을 느낄 수 있다. 그리고 태흥갈비집이 자랑하는 특별한 메뉴는 육사시미와 복분자즙을 넣어 반죽한 냉면이다. 복분자냉면은 고창군 향토음식발굴에서 당당히 대상을 수상한 음식이다. 살얼음이 들어간 육수에 복분자면, 오이와 쌈무, 계란 반 개가 들어가 있다. 기본 면발보다 쫄깃한 맛을 느낄 수 있다.",전북특별자치도 고창군 고창읍 중앙로 306-4 ,"['#갈비', '#고창맛집', '#냉면', '#냉면', '#돼지갈비', '#맛집', '#삼겹살', '#생갈비', '#육회', '#음식', '#전라권', '#태흥갈비']"
해리마을,"우리나라 서남단에 자리한 고창 지역은 다양한 문화유적이 분포되어 있다. 특히 해리마을에 위치한 동호해수욕장의 500년 이상된 노송은 우리나라에서 보기 드문 것으로 유명하다. 또한, 너무도 깨끗한 해수욕장과 해당화 군락지, 명사십리가 조성되어 있다. 해리마을 인근에 2001년 폐교된 나성초등학교를 이대건 촌장과 이영남 관장 가족이 정착하여 조성한 인문출판 공도체 책마을 해리가 위치해 있다. 자연과 체험 등 다양하게 즐길 수 있는 해리마을이다. ",전북특별자치도 고창군 해리면 동호리 ,"['#갯벌', '#고창여행', '#관광지', '#숙박', '#어촌', '#어촌마을', '#자연', '#책마을해리']"
정산사,"정산사는 창녕조씨의 사우로, 조선 전기의 문신인 조서와 조선 후기의 학자인 조의기, 효자 조언징을 기리는 조선후기 사당이다. 월산마을에서 검암마을로 들어가는 마을 앞 동쪽 길가에 자리 잡고 있다. 조언징은 어려서부터 지성으로 부모에게 효도하여 당대의 사표가 되었다. 1797년(정조 21)에 창건하여 유창, 유한량, 조서를 향사하였으며, 1868년(고종 5)에 철폐되었다가 1900년(고종 37)에 다시 단을 세웠다. 1976년에 중건하면서 유창과 유한량은 조산사를 세워 따로 배향하였고, 조의기와 조언징을 추배 하였다. 사당은 정면 3칸, 측면 2칸의 맞배지붕이며, 강당, 명덕재, 내삼문, 장서고, 수직사 등으로 이루어져 있다. 향사일은 음력 9월 5일이다.  ",전북특별자치도 고창군 고창읍 월암안길 8 ,"['#고창여행', '#관광지', '#문화재', '#사당', '#역사', '#역사공부', '#역사관광지', '#역사를품은곳', '#역사문화재', '#역사속', '#역사속으로', '#역사유적', '#역사유적지', '#역사이야기', '#역사탐험']"
월암서원(고창),"서원은 조선 중기 이후에 학문을 연구하고 공자와 훌륭한 유학자의 제사를 지내기 위하여 지역 사림에 의해 설립된 사설 교육 기관이다. 고창공설운동장과 웰파크시티 사이에 위치한 월암서원은 조선 중기의 학자인 문정공 조광조(1482~1520) 등을 배향한 서원으로, 1946년 지방 유림에 의해 건립되어 오늘에 이르고 있다. 건물은 정면 3칸에 맞배지붕을 한 사우가 있고, 신문 3칸, 강당 4칸, 동재 4칸, 서재 3칸, 교직사 3칸으로 이뤄져 있다. 이 서원은 조광조 등 조선시대 사림의 정신이 현대까지 이어져 내려오고 있다는데 그 의의가 있다. 주변에는 웰파크시티 외에 방장산, 방장산자연휴양림 등이 있어 연계하여 관광할 수 있고, 고창시가지와도 가까운 편이다.   ",전북특별자치도 고창군 고창읍 월암길 75 ,"['#관광지', '#교과서속여행', '#서원', '#역사', '#역사공부', '#역사관광지', '#역사를품은곳', '#역사문화재', '#역사속', '#역사속으로', '#역사유적', '#역사유적지', '#역사이야기', '#역사탐방', '#역사탐험', '#월암서원', '#전라권']"
고창향교,"향교는 공자와 여러 성현들께 제사를 지내고, 지방민의 교육과 교화를 위해 나라에서 세운 교육기관이다. 고창향교는 고려 공민왕(재위 1351∼1374) 때 월곡리에 있던 학당사을 옮겨온 것으로, 조선 중종 7년(1512)에 다시 지었다. 대성전은 선조 38년(1605)에 수리하였고, 1974년에 기와를 보수하였다. 규모는 앞면 3칸·옆면 2칸이며, 지붕은 옆에서 볼 때 사람 인(人) 자 모양인 맞배지붕이다. 안쪽에는 공자를 비롯한 그 제자와 우리나라 성현들의 위패를 모시고 있다. 조선시대에는 나라에서 토지와 노비·책 등을 지원받아 학생을 가르쳤으나, 지금은 교육 기능은 없어지고 제사 기능만 남아 있다. 고창향교는 이 지방의 향토사 연구에 필요한 많은 책을 소장하고 있다. ",전북특별자치도 고창군 고창읍 향교길 27-3 (고창읍),"['#고창여행', '#관광지', '#문화재', '#역사', '#역사공부', '#역사관광지', '#역사를품은곳', '#역사문화재', '#역사속', '#역사속으로', '#역사유적지', '#역사이야기', '#역사탐방', '#역사탐험', '#향교']"
고창문화원,"고창은 선사시대의 다양한 형태의 고인돌과 함께 백제가요인 방등산가와 선운산가의 이야기가 전하는 노령산맥 끝자락의 방장산 아래에 자리를 잡고 있다. 판소리, 농악이 유네스코 세계문화유산으로 등재되어 있고, 고창읍성 등 많은 문화유산이 산재해 있는 고장이기도 하다. 이러한 풍부한 문화유산자원을 기반으로 고창문화원은 1963년 설립되었다.  고창 군민의 정서 함양과 예술적 소양을 배양함으로써 문화의 대중화에 노력하며, 향토 사료관을 운영, 지역 문화 발전을 위해 고창문화원은 다양한 활동을 진행하고 있다. 고창문화원에서는 수채화, 한춤, 문인화, 수필, 웰빙댄스, 민요, 서예, 장구 등 해 다양한 강좌를 운영하고 있다. ",전북특별자치도 고창군 고창읍 천변북로 119 ,"['#가족여행', '#고창문화공간', '#고창문화시설', '#마을축제', '#문화공간', '#문화시설', '#아이와함께', '#이색체험', '#전통&역사문화체험', '#체험학습', '#친구와함께']"
고창 분청사기요지,"전북 고창군 수동리에 있는 분청사기 가마터로, 구릉 위 작은 저수지의 경사진 언덕에 자리하고 있으며, 가마벽 부분·도자기 만들던 도구·분청사기 조각들이 널려있다. 그릇은 대접·접시·잔·항아리·큰 사발 조각이 주류를 이루며, 유약의 색은 회청색을 띠고 그릇을 빚던 흙에는 이물질이 많이 섞여 있다. 문양은 연꽃무늬, 물고기 무늬, 모란무늬들이 대범하게 그려져 있다. 특히 일부 그릇에 ‘내섬(內贍)’이라는 글자가 새겨져 있는데, 이는 전라도지방의 분청사기 가마터에서 널리 발견되는 것으로 관청용 분청사기도 제작하였음을 추정할 수 있다. ",전북특별자치도 고창군 부안면 수동리 ,"['#고창여행', '#관광지', '#문화재', '#사적', '#역사', '#역사공부', '#역사를품은곳', '#역사문화재', '#역사속', '#역사속으로', '#역사유적', '#역사유적지', '#역사이야기', '#역사탐방', '#역사탐험']"
죽도마을,"죽도는 고창군 부안면 봉암리 앞바다에 있는 섬이다. 섬으로 들어가는 방법은 두 가지가 있는데, 하나는 곰소항에서 배를 타고 들어가는 것이고, 다른 하나는 봉암리에서 물때에 맞춰 장화를 신고 길을 아는 사람을 따라 갯벌로 걸어서 들어가는 것이다.주민들은 주로 어업에 종사하며 살아가고 있다. 섬에 대나무가 무성하여 대섬이라고 하는 설과, 섬이 크게 보인다고 해서 대섬이라고 부르는 설이 있는데, 한자 지명 표기 시에 죽도라 부르게 되었다. 죽도에서는 바지락 채취체험과 바다낚시를 즐길 수 있다. 바지락 채취 체험을 할 경우 체험 14일 전에 예약을 해야 한다.",전북특별자치도 고창군 부안면 봉암리 683 ,"['#고창여행', '#관광지', '#바다경치', '#섬', '#숙박', '#어촌', '#어촌마을', '#자연', '#자연속으로', '#자연여행', '#자연좋은곳', '#자연풍경', '#자연환경', '#휴식하기좋은곳', '#힐링여행']"
넓은 들 학원 농장,"학원농장은 2023년 3월 현재 운영자 진영호의 부친 전 국무총리 진의종씨와 모친 이학 여사가 1960년대 초반 고창군 서남부 미개발 야산 10여만평을 개발하면서 시작되었다. 농장 이름은 이 지역의 옛 지명 ‘한새골’ 에서 유래하는데, 여기서 ‘한새’ 는 이 지역에 많이 서식하는 백로, 왜가리 등을 이르는 말로 주 설립자인 이학 여사의 이름자 ‘학’ 과 이미지가 같아 들을 뜻하는 한자어 ‘원’ 과 합쳐 ‘학의 들’ 이라는 뜻에서 ‘학원농장’ 이라 하였다. 60년대에는 오동나무, 삼나무 등을 식재하는 한편 뽕나무를 식재하여 양잠을 하였고 70년대에는 목초를 심어 한우비육을, 80년대에는 수박, 땅콩 등을 재배하며 땅을 일구었다. 1992년 5월, 현재의 운영자인 진영호씨가 귀농하여 밭작물은 생력농사라 할 수 있는 보리와 콩으로 전환하고 5,000평에 이르는 첨단 비닐하우스에서 화훼 재배를 하는 한편 관광농원을 인가받아 농촌 관광 사업을 시작하게 되었다. 일손을 덜기 위해 시작한 보리농사가 광활한 구릉지의 자연경관과 어울려 많은 관광객이 오기 시작하였고 이에 힘입어 가을 농사도 경관이 아름다운 메밀로 바꾸고 해바라기와 코스모스도 추가하면서 농촌 관광 사업은 활기를 띄게 되었다. 학원농장 부지 약 15만평중 약 13만평은 농지이며 나머지는 소나무숲, 대밭, 잡목 숲, 과수원과 약간의 대지로 구성되어 있으며 농지에서는 겨울작물로 보리, 여름작물로 메밀을 주로 재배하며 일부의 농지에 해바라기와 코스모스등을 경관용으로 재배하고 계절에 따라 봄에는 청보리밭축제, 여름 해바라기 꽃잔치, 가을 메밀꽃잔치등 다양한 축제와 이벤트를 진행하고 있다. ◎ 한류의 매력을 만나는 여행 정보 - 드라마 <이번 생도 잘 부탁해>청보리밭으로 유명한 농장으로 현재는 청보리뿐만 아니라 메밀, 해바라기, 코스모스 등 다양한 경관 작물을 재배해 계절별로 설레는 풍경이 펼쳐진다. 반지음이 전생에서 아이를 잃고 한없이 달리다 하얀 메밀꽃밭에 이르러, 힘든 순간들은 흘러가고 자신은 어딘가에 도착해 다시 살아갈 수 있을 거라고 생각한 곳이다.",전북특별자치도 고창군 공음면 학원농장길 150 카페 넓은 들,"['#고창가볼만한곳', '#고창군', '#보리밭', '#음식', '#전북']"
고창갯벌오토캠핑&글램핑장,"고창 갯벌 야영장은 세계 프리미엄 갯벌 생태지구 시설 내에 있으며, 다양한 편의 시설과 람사르 고창 갯벌센터와 함께 자리 잡고 있다. 탁 트인 넓은 광장에 주꾸미 놀이터, 물놀이장, 트램펄린 외 체육시설, 바람개비 산책길, 자전거 도로 등이 설치되어 있어 어린이들이 뛰어놀고 체험하기에 좋은 캠핑장이다. 바로 옆에 있는 람사르 고창 갯벌센터에서는 갯벌 전시관 관람은 물론 각종 교육 프로그램과 조개잡이 등의 체험 프로그램이 마련되어 있다.",전북특별자치도 고창군 심원면 두어1길 55-25 ,"['#가족캠핑', '#갯벌체험', '#고창군캠핑장', '#레포츠', '#아이랑가기좋은', '#일몰명소', '#전북특별자치도캠핑장', '#편리한글램핑']"
고창 무장현 관아와 읍성,"무장읍성은 1417년 무장진의 병마사에 마을을 다스리는 기능을 주어 무장진 병마사 김노가 쌓은 길이 약 1.2km의 평지성이다. 읍성의 남문인 진무루는 앞면 3칸·옆면 2칸의 2층 건물이며, 동문터도 잘 남아 있다. 성 주위를 둘러싼 물길인 해자는 폭 4m·길이 574m 정도로 그 흔적만 남아있다. 성 안의 건물로는 객사·동헌이 있다. 『문종실록』에 의하면 읍성의 둘레는 1,470척(약441m)·높이 7척(약2m)이며, 해자의 둘레는 2,127척(약638m)이고 문은 2개가 있으며, 성의 규모를 넓혀야 한다고 기록되어 있다. 그동안 흙으로만 축조된 토성으로 알려져 왔던 이 성이 공사 때 성벽 동쪽 끝부분의 단면이 드러났었는데 성곽일부가 흙과 돌을 섞어서 축조된 것임이 밝혀졌다. 1915년에 발견된 「무장읍지」에 의하면 조선 태종 17년(1417) 병마사 김저래가 여러 고을의 백성과 승려 등 주민 20,000여명을 동원하여 그해 2월부터 5월까지 만 4개월 동안에 축조했다고 전한다. 한편 1894년 일어났던 동학 농민혁명은 이곳 무장읍성에서 맨 처음 봉기하였던 역사의 현장이기도 하다. 무장읍성은 조선시대 옛 읍성의 모습을 연구하고 살피는데 중요한 자료가 된다. ",전북특별자치도 고창군 무장면 무장읍성길 45 (무장면),"['#가족여행', '#고창여행', '#관광지', '#문화관광해설사', '#사적', '#역사', '#역사공부', '#역사관광지', '#역사를품은곳', '#역사문화재', '#역사속', '#역사속으로', '#역사유적', '#역사이야기', '#역사탐방', '#역사탐험']"
파머스힐캠핑장,"파머스 글램핑은 전라북도 고창군에 위치하고 있으며 상하 농장에서 운영하고 있다.수영장, 스파시설, 상하 농장 체험, 양떼목장체험 등 다양한 놀 거리와 볼거리가 준비되어 있다.자연 속의 휴식공간이라는 콘셉트에 맞게 휴식을 위한 다양한 시설들을 이용할 수 있다. 반려견 입실 가능한 글램핑 시설이 있으며 추가금액이 발생한다. ",전북특별자치도 고창군 상하면 상하농원길 11-23 ,"['#고창글램핑', '#고창캠핑장', '#레포츠', '#상하농원', '#팜스테이']"
동호해수욕장,"동호해수욕장은 길게 펼쳐진 백사장으로 유명한 곳이다. 4km 이상 펼쳐진 모래사장은 모래발이 가늘고 경사가 완만하여 여름철 많은 피서객이 방문한다. 수심 또한 0.5~1.5m로 아이들이 물놀이를 즐기기에 적당하고, 백사장 뒤로 수백 년 된 소나무 숲이 장관을 이루고 있다.소나무가 만들어내는 그늘은 한여름에도 시원한 바람이 불어 좋은 휴식처가 된다. 이곳에서 바라보는 서해의 낙조가 특히 아름다움을 자아낸다. 또한, 소나무숲 위의 언덕에는 고창의 유일의 해신당인 당집이 있어서 해마다 어민들이 풍어를 기원하는 제사를 올리고 있다.",전북특별자치도 고창군 해리면 동호리 712,"['#가볼래터', '#가족여행', '#관광지', '#동호해수욕장', '#여름가볼만한곳', '#여름여행', '#여름피서지', '#여행구독', '#연중무휴', '#자연', '#자연속으로', '#전라권', '#휴식공간', '#휴식하기좋은곳']"
뭉치네풍천장어전문,"선운사 입구에 위치한 한식당으로 고창의 명물인 장어구이와 산채비빔밥, 도토리묵 등의 메뉴가 있고 직접 채취한 산나물로 만든 산채비빔밥이 인기이다.",전북특별자치도 고창군 아산면 중촌길 13 ,"['#가족외식추천', '#고창맛집', '#데이트코스', '#맛집', '#뭉치네집', '#비주얼맛집', '#산채비빔밥', '#연중무휴', '#음식', '#전라권', '#채식메뉴보유', '#풍천장어']"
거북선숯불풍천장어		,거북선 숯불 풍천 장어는 전라북도 고창군 상하면에 위치한 장어 전문점으로 거북선을 닮은 건물로 유명하다. 심지어 건물 천장이 뚜껑처럼 열려 환기를 할 때마다 볼거리를 제공한다. 홀이 넓고 테이블이 많아 단체 손님이나 크고 작은 모임도 수용이 가능하다. 고창 특산품인 풍천 장어를 숯불로 초벌구이를 해서 손님상에 올리며 셀프바도 이용할 수 있다. 창 너머 펼쳐진 바다를 바라보며 식사할 수 있고 식사 후에는 바다 체험도 할 수 있다. 숙박이 가능한 별채를 따로 운영 중이다.,전북특별자치도 고창군 상하면 고리포길 199 ,"['#1박2일촬영식당', '#거북선숯불풍천장어', '#고창가볼만한곳', '#고창거북선장어', '#고창맛집', '#고창장어맛집', '#고창풍천장어', '#음식']"
구시포노을캠핑장,"가족 및 연인들을 위한 구시포노을캠핑장은 전북 고창군 상하면 구시포안길 38에 위치하고 있다. 정해진 사이트는 없으며 예약 후 선착순 입장이다. 총 45면으로 운영하고 있다. 바닷가 바로 옆에 위치하고 있어 해수욕, 갯벌체험, 바다낚시가 가능하다. 주변 관광지로는 명사십리, 구시포해수욕장, 계마항, 법성포 등이 있다.",전북특별자치도 고창군 상하면 구시포안길 38 ,"['#고창캠핑장', '#구시포캠핑장', '#레포츠', '#바다낚시', '#바다캠핑', '#여름물놀이', '#해수욕']"
금단양만 / 금단양만식당,전북 고창 풍천장어마을의 금단양만은 보양식으로 장어를 즐기려는 사람들의 발길이 끊이지 않는 곳이다. 우리나라 최초의 셀프 장어집으로 바로 옆으로 매장을 확장 이전했다. 손님들은 이곳에서 직접 기른 풍천장어를 1층 장어 판매장에서 사서 2층으로 올라가 직접 장어를 구워 먹는다. 장어는 기본 1kg 단위로 판매하며 2층에는 식당과 함께 카페가 있다. 고소한 장어를 즐기며 바라보는 고창의 갯벌과 바다 건너 변산반도 전경 또한 일품이다. 노을 명소로 유명해 시간에 맞춰 가면 아름다운 노을을 감상하며 식사를 즐길 수 있다.  ,전북특별자치도 고창군 심원면 검당길 51-10 ,"['#고창맛집', '#노을맛집', '#민물장어', '#셀프장어집', '#오션뷰맛집', '#음식', '#장어구이', '#장어맛집', '#풍천장어']"
고창CC,"9홀의 바다 코스, 9홀의 푸른 코스(정규코스), 3홀의 하늘 코스 총 21홀의 코스로 이루어져 있는 골프장이다. 바다에 인접한 점을 최대한 활용하여 탁 트인 코스 경관과 해수를 끌어들인 자연적인 워터 해저드, 푸르른 송림을 타고 불어오는 서해의 시원한 바닷바람 등 자연환경을 최대한 살려 골퍼들에게 편안한 코스를 제공하는 곳이다. ",전북특별자치도 고창군 심원면 애향갯벌로 70 ,"['#21홀', '#고창', '#골퍼', '#골프', '#골프장', '#레포츠', '#바다골프장', '#서해바다', '#탁트인경관']"
고창해변승마클럽 휘게팜,"고창해변승마클럽은 대한민국 전북 고창에 위치한 해변에서 해변승마를 즐길 수 있는 외승전문 승마장이다. 이 클럽은 말을 타고 아름다운 해변을 따라 산책하며 자연을 느낄 수 있는 특별한 경험을 제공한다. 고창 해변은 한국의 서해안에 위치하고 있어 멋진 해안 풍경과 상쾌한 바다에서 승마를 즐길 수 있는 곳으로 유명하고 전문적인 안내자들이 안전하게 승마를 즐길 수 있도록 도와주며, 다양한 프로그램과 코스를 제공하여 방문객들에게 즐거운 경험을 준다.",전북특별자치도 고창군 상하면 명사십리로 282-7 ,"['#고창', '#고창가볼만한곳', '#레포츠', '#승마']"
두암초당,"두암초당은 전북특별자치도 고창읍 영모정 마을의 뒷산에 병바위 절벽에 자리한 한옥 건축물이다. 병바위 일대에는 소반바위, 전좌바위가 있는데 두암초당은 소반바위 중턱 깎아진 절벽 아래에 자리하였다. 절벽과 한그림 같은 경치를 선사하며 보는 각도에 따라 다른 모습을 하고 있어 다채롭게 구경하는 재미가 있다. 또한 어떻게 이런 곳에 정자를 지었는지, 오래도록 유지가 되고 있는지 신기함이 느껴지는 곳이다. 산책로가 있어 정자 가까이에 접근할 수 있다. 다만 둘레길 코스 중 하나여서 도보여행하기엔 적합하지만 주차공간은 마땅치 않으니 참고해야 한다.",전북특별자치도 고창군 아산면 영모정길 88 ,"['#고창가볼만한곳', '#고창여행지', '#문화시설', '#사찰여행']"
주진천(고창),"주진천은 고창군 성송면 노령산맥 기슭에서 발원하여 북쪽으로 흐르며 고창군을 가로질러 심원면과 부원면의 경계부에서 서해로 흘러드는 하천이다.이 하천은 원래 인천강이라고 하다가 1911년에 행정구역을 개편하면서 배가 드나들었던 곳이라는 의미에서 [주진]으로 바뀌었다. 유로를 살펴보면 발원지인 노령산맥을 내려와 고창군의 평야 및 구릉지대를 관통한 뒤 선운산 산악지대를 S자로 관통하여 서해 줄포만 갯벌에서 끝난다. 주요 지류로는 성송천, 무장천, 고수천, 고창천, 운곡천 등이 있어 고창군 중부, 남부, 동부 지역 대부분이 이 하천의 유역이라 할 수 있다. 또한 이 하천에서는 고창의 명물인 풍천장어가 낚이기도 한다. 그리고 지류인 운곡천에는 운곡저수지와 함께 운곡 람사르 습지가 조성되어 있다.주변에는 선운산, 운곡저수지, 운곡 람사르 습지, 서해 줄포만 외에 용오정사, 고창 고인돌 유적 및 공원, 고창 용산리 분청사기 요지, 미당 서정주 생가 및 미당시문학관 등이 있어 연계하여 관광할 수 있다.",전북특별자치도 고창군 아산면 주진리 ,"['#고창가볼만한곳', '#고창여행', '#고창하천', '#관광지', '#자연', '#주진천', '#하천']"
흥성동헌,"흥성동헌은 선운산IC 인근 고창 흥덕면 소재지에 위치한 조선시대 관아 건물이다.이 건물은 본래 흥덕객사로 알려졌었다. 그러나 1983년 해체보수하는 과정에 상량문이 발견되어, 이를 통해 동헌이었음이 밝혀졌다. 상량문에는 흥성읍성의 동헌을 1807년(순조 7)에 이전하였다고 적혀 있다. 흥성은 흥덕의 옛 지명인데, 1914년에 무장면과 함께 고창군에 통폐합되었다. 흥성동헌은 홑처마지붕을 얹은 정면 5칸, 측면 3칸으로 그 규모가 아담하다. 건물의 양쪽 끝에는 온돌방, 정면 세 칸은 마루를 깔았다. 보통 국왕의 위패를 봉안하고 국왕이 있는 수도를 향해 예를 갖추는 정당과 함께 좌우에 여러 물품을 보관하는 익실을 따로 두는데 흥성동헌은 한 건물 안에서 모든 업무를 해결하였다. 1976년에는 가치를 인정받아 전북특별자치도 유형문화재로 지정되었다. 주변에는 서해 줄포만, 동림저수지, 선운산, 선운사 등이 있어 연계하여 관광할 수 있다.",전북특별자치도 고창군 흥덕면 동헌길 4 (흥덕면),"['#고창흥성동헌', '#관광지', '#문화재', '#역사', '#역사공부', '#역사관광지', '#역사를품은곳', '#역사문화재', '#역사속', '#역사속으로', '#역사유적', '#역사유적지', '#역사이야기', '#역사탐방', '#유형문화재', '#전북특별자치도유형문화재']"
안현돋음볕마을,"부안면 송현리에 위치한 안현마을은 앞으로는 도립공원 선운사가 인접해 있고, 마을 사이로 난 담벼락에는 국화 그림과 함께 서정주의 시 「국화 옆에서」가 쓰여 있고, 마을 주변으로 미당 서정주 시인의 생가가 있으며 미당시문학관이 자리를 잡고 있다. 가을이면 노란 소국이 마을 능선을 따라 만개하여 피어있는 곳이다. 어느 농촌에서나 볼 수 있는 농어촌 마을로 주로 안현마을 사람들은 농업에 종사하고, 가을철에는 국화꽃으로 농가소득 증대에 힘쓰고 겨울철에는 청국장과 메주로 농가소득에 힘쓰고 있어 풍성하고 넉넉한 시골 인심이 그대로 살아 움직이고 있는 마을이다. 주변 관광지로 인촌 선생 생가와 소요사가 있어 함께 둘러보는 것도 좋다.",전북특별자치도 고창군 부안면 안현길 14 ,"['#가족여행', '#가족힐링', '#고창여행', '#관광지', '#농촌', '#미당서정주', '#서정주', '#아이와함께', '#자연마을', '#자연좋은곳', '#자연환경']"
무장향교,"무장향교는 1420년(세종 2) 지금의 자리인 무장면 교흥리에 창건되었다. 1600년(선조 33) 대성전·명륜당·동재·서재의 내외 3문을 지금의 자리에 중건하였고, 1840년(헌종 6) 명륜당이 불에 타 1842년(헌종 8) 봄에 중건하였으며, 1852년(철종 3) 동재가 불에 타 이듬해 재건하였다.현재 남아 있는 건물로는 대성전, 명륜당, 동재, 서재, 홍살문 등이다. 무장향교는 무장을 대표하는 조선 시대 지방 교육 기관이자 선현을 제향하는 공간으로, 현재 무장 지역의 효자, 효부 등에 대한 포상을 행하고 있다. 특히 명륜학원을 운영하여 무장면 전통문화와 예절 교육의 한 축을 담당하며, 현대인들이 잊어버리기 쉬운 옛 성현의 가르침과 숭고한 향교 정신을 계승, 발전시키고 있다.",전북특별자치도 고창군 무장면 교흥교촌길 9 ,"['#고창여행', '#관광지', '#교과서속여행', '#문화재', '#역사', '#역사공부', '#역사관광지', '#역사를품은곳', '#역사문화재', '#역사속', '#역사속으로', '#역사유적', '#역사유적지', '#역사이야기', '#역사탐방', '#역사탐험', '#유적지', '#전북특별자치도문화재자료', '#향교']"
고창오거리당산,"고창읍에 조성된 오거리 당산은 동·서·남·북·중앙의 5방위에 당산을 조성한 것으로 자연 입석과 조형 입석으로 세웠다. 고창 오거리 당산은 1803년 3월에 고창현 중심지 세 곳에 동시에 조성되었다. 처음에는 오거리가 아니라 삼거리 당산이었다. 삼거리는 상, 중, 하 세 곳을 가리킨 말인데 세 곳에 화표석주의 당산을 세운 것이다. 현재는 기존의 삼거리 당산과 천북동과 교촌리의 자연 마을 당산을 포함하여 오거리 당산이라 한다. 상거리, 중거리, 하거리 당산은 조형 입석으로 당산을 삼았으며, 천북동과 교촌리 당산 은 자연 입석을 당산으로 삼았다. 조형 입석 가운데 하거리 당산은 진서화표의 명문이 있고, 중앙 당산은 미륵 당산으로 불교적 요소가 강하다. 반면에 자연 입석을 할아버지 당산, 할머니 당산의 당산 입석으로 삼은 것은 민간 신앙적 요소가 강하여 불교 신앙과 민간 신앙이 합쳐진 오거리 당산인 것이다. 오거리 당산은 화표를 당산 입석으로 삼은 유일한 당산이다. 정월 대보름날 줄다리기를 한 후 당산에 줄을 감아 놓는 전통이 오늘날까지 지속적으로 전승되고 있다.",전북특별자치도 고창군 고창읍 읍내리 하거리 당산,"['#고창여행', '#관광지', '#국가민속문화재', '#문화재', '#역사', '#역사관광지', '#역사를품은곳', '#역사문화재', '#역사속', '#역사속으로', '#역사여행', '#역사유적', '#역사탐방', '#역사탐험']"
청메골 선산마을,"선동리는 풍수지리상 마을의 형태가 부채 모양과 같다고 해서 [부채울] 또는 [선동]이라 하였다. 1950년대는 마을 앞에 큰 샘이 있어 [대정(大井)]이라고 불렀다고 한다. 1490년대에 안동김씨가 터를 닦아 살기 시작하면서 마을이 이루어졌다. 지형은 전체적으로 평지이며, 선동천이 남북 방향으로 중앙을 가로질러 간다. 관개 시설로는 거성마을 북쪽에 거성제, 남산마을 남쪽에 남산제, 선동마을 서쪽과 북서쪽에 선동제와 한새골제, 옥산마을 남쪽에 옥산제가 있다. 정월 보름에 전 주민이 참여하는 줄다리기, 연날리기, 쥐불놀이, 농악 놀이 등의 민속놀이가 지금껏 이어지고 있으며, 경로 효친 사상이 지극해 마을 어디에서나 효열비를 볼 수 있다.청메골 선산마을은 옛 시골의 정취를 한껏 맛볼 수 있는 전원 마을로서, 사방에 황토 들판이 펼쳐져 있고, 황토밭 너머로는 청보리밭이 보인다. 선산마을 인근 예전리 공음학원농장을 중심으로 매년 4월 중순~5월 초순까지 청보리밭축제가 30만 평의 구릉진 보리밭에서 진행된다. 청메골 선산마을의 고즈넉한 시골정취를 느끼는 것도 좋지만, 시기를 맞춰 청보리밭축제를 참여해 보는 것도 즐거운 여행의 하나이다.",전북특별자치도 고창군 공음면 선산청메골2길 28 ,"['#고창여행', '#고창청보리밭', '#고창청보리밭축제', '#관광지', '#농촌체험학습', '#연인과함께', '#자연마을', '#자연좋은곳', '#자연체험', '#청보리', '#청보리밭', '#청보리밭축제', '#체험']"
김기서강학당,"조산저수지 가는 길의 축령산 자락이 이어진 마을에 위치한 조선 전기 강학당으로, 김기서 강학당은 광산김씨 사당인 노산사 안에 있다. 김기서는 광산인으로, 자는 시견, 호는 돈목재이다. 성균관 직강으로 통정대부까지 오른 매산 김석원의 조카로, 효성이 지극하여 1508년 중종으로부터 광릉 참봉에 제수되고 장려도 받았다고 한다. 이후 조광조 문하에 들어가 매형 양팽손 등과 강론하다 1519년(중종 14)의 기묘사화에 연루되어 조광조와 신진사림들이 대거 숙청당하자 상평리에 은거하면서 두문불출하였다. 조광조의 학문에 심취하여 후진 양성에 전념하고자 김기서 강학당을 세웠다.원래 이 자리에는 전불사의 불당이 있었다. 1548년(명종 3) 건립된 것으로 추정되며, 건물의 규모는 정면 5칸, 측면 2칸의 단층 팔작기와지붕이고, 내부는 베갯마루 대청의 중당 2칸, 좌협실 2칸, 우협실 1칸으로 구성되어 있는데, 조선 초기의 소박한 공청건물이다. 광산김씨 종중에서 관리하고 있다.",전북특별자치도 고창군 고수면 사동길 40-160 ,"['#고창여행', '#관광지', '#문화재', '#역사', '#역사관광지', '#역사를품은곳', '#역사문화재', '#역사속', '#역사속으로', '#역사여행', '#역사유적', '#역사유적지', '#역사이야기', '#역사탐방', '#역사탐험', '#전북특별자치도유형문화재']"
동리국악당,"동리국악당은 고창읍 읍내리에 있는 국악공연장 겸 국악교육장이다. 동리는 신재효(1812~1884)의 호이다. 판소리 이론가이자 후원자였던 동리 신재효의 문화적 업적을 계승하고 판소리 전승의 맥을 이어가기 위하여 1990년 12월 31일에 설립되었으며, 고창지역에 국악을 지속적으로 보급하고 교육하는 역할을 해 오고 있다. 국악당은 지하 1층, 지상 2층 규모로 공연장과 분장실, 연습실, 연수실로 이루어져 있고 객석은 500석이 갖추어져 있다. 동리국악당에서는 명창 초청 판소리완창발표회와 예비명창 발굴육성을 위한 학생초청 판소리완창발표회 등의 판소리 공연과 각종 국악공연, 문화행사를 개최하며 국악교육과 보급을 위해 상설국악교실을 운영한다.동리음악당은 고창판소리박물관 옆에 자리하고 있으며, 고창읍성과도 인접해 있다.",전북특별자치도 고창군 고창읍 판소리길 20 ,"['#고창문화공간', '#고창문화시설', '#공연장', '#국악', '#문화공간', '#문화시설', '#아이와함께', '#예술', '#음악회', '#이색체험', '#전통&역사문화체험', '#체험학습', '#친구와함께', '#판소리']"
방장산,"방장산은 고창 지역에서 가장 높은(734m) 산으로 지리산·무등산과 함께 호남의 삼신산으로 추앙받아 왔다. 4개의 봉우리로 이루어진 방장산은 중국 삼신산의 하나에서 빌려온 이름으로 [산이 넓고 커서 백성을 감싸준다]는 뜻이다. 예전에는 이 산을 방등산 또는 반등산으로 불렀다. 반등산은 산이 높고 장엄해서 절반 밖에 오르지 못한다는 의미다. 그러나 조선 인조 때 청나라에게 멸망한 명나라를 숭상하던 조선 사대부들이 중국 삼신산의 하나인 방장산을 닮았다는 이유로 이름을 방장산으로 고쳤다.방장산을 둘러볼 수 있는 산행 코스는 두 가지이다. 1코스는 양고살재-방장사-579봉-벽오봉-고창고개-방장산-문바위재-봉수대-서래봉-장성 갈재의 구간으로 거리는 12.8㎞이며, 5시간 30분 정도 소요된다. 2코스는 장성갈재-734봉-725봉-방장산-고창고개-벽오봉-고창수월공설운동장으로 5시간 정도 소요된다.방장산에는 상원사와 방장산자연휴양림이 자리 잡고 있다.",전북특별자치도 고창군 신림면 신평리 ,"['#고창여행', '#관광지', '#국립방장산자연휴양림', '#등산', '#산', '#자연', '#전망좋은곳']"
고창 무장객사,"고창군 무장면에 있는 무장객사는 조선시대 무장현에 내려온 관리들에게 숙식을 제공하던 곳이다. 조선 선조 14년(1581)에 건립되었다. 본관에 걸린 궐자를 새긴 나무 패는 임금을 상징하는 것으로, 매달 초하루와 보름에 수령과 지방관리들은 여기에 경의를 표했다. 나라에 경사가 있을 때면 사람들은 이곳에 모여 축하의식을 행하였다. 본관은 돌을 쌓고 그 위에 세운 것으로 계단에 새긴 호랑이, 구름 등의 조각이 운치가 있다. 좌우 건물의 지붕이 본관보다 낮은 점은 격을 낮추기 위해서이다. 이 객사의 정청은 정면 3칸, 측면 3칸의 홑처마 맞배지붕 건물로 초석 석재 하부는 네모지게 상부는 반구형으로 다듬고 그 위에 두리기둥을 세운 것 외에 별다른 특징은 없다. 건물 정면의 정원이 원형을 거의 그대로 보존하고 있는 것과는 대조적으로, 객사 건물은 면사무소로 사용하면서 일부 형질을 변경했던 것을 1990년 원형대로 복원하였다.무장객사 뒤편에는 무장수령이 관아를 통치하던 관청의 건물인 동헌이 위치해 있어 함께 둘러볼 수 있다.",전북특별자치도 고창군 무장면 무장읍성길 45 ,"['#고창여행', '#관광지', '#무장객사', '#문화재', '#역사', '#역사공부', '#역사관광지', '#역사를품은곳', '#역사문화재', '#역사속', '#역사속으로', '#역사유적', '#역사유적지', '#역사탐방', '#역사탐험', '#유적지', '#전북특별자치도유형문화재']"
황윤석 생가,"조선 후기 실학파 언어학자였던 이재 황윤석(1729~1791)의 생가이다. 그의 선친인 황전이 건립하였다. 이재 황윤석은 당시 학자가 탐구할 수 있는 모든 분야에 걸쳐 연구한 학자였고 유학자이기도 했다. 높이 80cm의 잡석기단 위에 세워진 안채는 정면 7칸, 측면 2칸 규모의 초가집으로서 그 규모가 매우 큰 건물로 전형적인 남부 지방의 가옥 형태를 취하고 있다. 동쪽 맨 끝 칸은 마루로 되어 있고 나머지는 방 한 칸, 대청 두 칸, 부엌 한 칸의 순서로 지어졌는데 대청 북쪽 벽 위에 평해황씨 선조의 위패를 모시고 있다. 원래 안채 뒤편에 사당이 있었으나 터만 남아 있고 사랑채, 문간채는 소실되었던 것을 1909년에 다시 지었다고 한다.고택의 지붕은 초가지붕인데 중산층 가옥이라 충분히 기와를 얹을 수 있었는데 기와를 덮으면 혈이 눌려서 집안이 좋지 않다는 풍문 때문에 초가를 얹었다고 한다.",전북특별자치도 고창군 성내면 조동길 33 ,"['#고창여행', '#관광지', '#문화재', '#역사', '#역사공부', '#역사관광지', '#역사를품은곳', '#역사문화재', '#역사속', '#역사속으로', '#역사유적', '#역사유적지', '#역사이야기', '#역사탐방', '#역사탐험', '#유적지', '#전북특별자치도민속문화재', '#황윤석']"
미당 서정주 시문학관,"미당 서정주 시문학관은 시인 미당 서정주 선생을 기념하기 위해 지은 시문학관으로 2001년 폐교된 선운초등학교를 리모델링하여 완공하였다. 그의 사후 다음 해인 2001년 가을, 이호종 전 고창군수의 적극적인 지원에 힘입어 개관하게 되었다. 개관일인 11월 3일은 미당의 중앙고보 재학시절 광주학생의거에 참여한 것을 기념하여 정했다고 한다. 총 6층의 제1전시동 기념관 내부에는 시인의 편지류와 시집, 유품들이 전시되어 있으며 6층은 전망대이다. 제2전시동에는 시인의 육필 원고, 서정주 시 연구 논문, 기타 유품 등이 전시되어 있다.이 기념관은 미당 서정주의 생가와 묘역 근처에 있어서 더욱 뜻깊은 공간이며, 폐교된 학교 건물을 새롭게 재탄생시키면서 [친환경]과 [배움]의 건축미학을 지향하고 있다.",전북특별자치도 고창군 부안면 질마재로 2-8 ,"['#가족여행', '#고창여행', '#기념관', '#문화공간', '#문화시설', '#사계절', '#실내여행지', '#아이와함께']"
용추폭포(고창),"용추폭포은 구가평교를 건너 거창신씨 재실이 있는 용추동을 지나 방장산(734m) 등산로로 들어서 용추골로 내려가면 바로 나온다. 높이가 약 20여 척에 달하고 폭포수가 떨어지는 곳엔 둘레가 20여 척에 달하는 용소라고 하는 맑은 못이 있다. 폭포수가 쏟아져 내리는 바위가 마치 선녀가 목욕하던 원형 욕조처럼 보인다. 물은 한 여름에도 냉기가 흘러 발을 담그고 2-3분을 넘기기 힘들 정도로 차가우며, 주위는 온통 바위와 숲으로 우거져 있어 밖에서도 잘 보이지 않을 정도이다. 그 경치가 말할 수 없이 좋아 사시사철 이곳을 찾는 이들의 발길이 끊이지 않는다고 한다. 용추폭포에는 전설이 담겨 있다. 하늘로 오르던 용이 아낙네와 눈이 마주치고, 그만 용소로 떨어져 큰 지네로 변하고 말았다. 이 용이 떨어진 곳에 깊은 웅덩이가 생기고 평지가 깊이 파이면서 20여 척의 절벽이 생겨 지금의 폭포가 되었다고 한다.",전북특별자치도 고창군 신림면 가평리 ,"['#경치여행', '#경치좋은곳', '#고창가볼만한곳', '#고창여행', '#관광지', '#바다경치', '#방장산', '#자연', '#자연속으로', '#자연여행', '#자연좋은곳', '#자연풍경', '#자연환경', '#폭포']"
용문굴,"선운사 창건설화에 등장하는 굴로 아산면 삼인리 선운산의 도솔암을 지나 자리하고 있다. 이 굴에는 예전부터 전해져 내려오는 이야기가 있다. 백제 위덕왕 24년(577) 검단선사가 절을 세울 목적으로 선운산을 찾았다고 한다. 그런데 와서 보니 선운사 자리의 연못에 이미 용이 한 마리 살고 있었다. 그 용은 검단선사에 의해 쫓겨났고, 급히 도망치다가 바위에 부딪히며 굴을 만들었다고 한다. 그것이 바로 용문굴이다. 해발 336m의 선운산에는 용문굴 외에 신라 진흥왕이 수도했다는 진흥굴이 있다. 약 3시간 정도 소요되는 진흥굴, 도솔암, 용문굴, 낙조대, 천마봉 산행은 그리 힘들지 않게 둘러볼 수 있는 코스이다. 오전에 천마봉에 오르면 도솔암 마애불에 해가 들기 시작하는데, 앙다문 부처의 입이 빛을 받아 미소 짓는 것처럼 보인다.",전북특별자치도 고창군 아산면 선운사로 250 ,"['#고창여행', '#관광지', '#동굴', '#선운사', '#선운산', '#역사', '#자연', '#풍경좋은곳']"
신재효 판소리 공원,"고창판소리와 신재효는 유네스코 인류무형문화유산(2003년 등재)이다. 고창읍성 성곽길이 펼쳐지는 곳에 들어선 신재효판소리공원은 고창의 아전 출신으로 판소리를 집대성한 동리 신재효(1812~1884) 선생을 기억하고 판소리 관련 시설물을 통칭한 열린 공간이다. 3년간의 공사 기간을 거쳐 총사업비 32억 5000만 원이 투입됐으며 한옥 3개 동, 연면적 614㎡ 규모로 조성되었으며 전 세대가 함께하는 체험형 복합문화공간으로 판소리 교육과 체험을 위한 세미나실, 판소리체험실, 판소리득음실, 야외공연장 등이 있다. 판소리아카데미는 판소리 전공 교수에게 이론강의를 듣고, 전국의 권위 있는 명창을 모시고 판소리 전승 교육을 직접 받을 수 있는 소중한 기회이다. 또 10인 이상이면 언제든지 사전에 공연을 신청할 수 있으며, 판소리 해설과 판소리 감상, 판소리 한 대목 배우기 등이 있고 이외에도 주말 야외마당에서는 관람객과 연수생이 함께하는 공연이 열리며 누구나 쉽게 참여할 수 있다. 또한 [판소리 가상현실 등 실감영상콘텐츠] 구축 공모에 선정되며 문화예술과 디지털 기술이 접목된 공간으로 자리매김해 나가고 있다. 신재효판소리공원이 위치한 고창읍성 문화체험거리에는 판소리박물관, 신재효 고택, 동리국악당 등의 유적과 시설이 많아 함께 연계해서 방문해 보는 것도 좋다.",전북특별자치도 고창군 고창읍 읍내리 ,"['#가족여행', '#관광지', '#장수예술체험', '#장수이색체험', '#체험여행', '#판소리체험']"
노동 저수지,"노동저수지는 도시 생활권의 훼손되고 방치된 공간을 복원하여 습지, 개울, 초지, 숲 등 다양한 생물서식처를 조성함으로써 도시의 생물다양성을 증진 하면서 시민에게 쾌적한 생태휴식공간을 제공하기위해 추진된 고창 자연마당 조성사업의 일환으로 2016년 ~ 2018년에 사업면적 66.11m2로 조성되었다. 노동저수지는 수목원, 유아체험원, 관찰데크, 탐조테크, 숲체험원, 자연마당데크 등 다양한 공간으로 자연을 느낄 수 있으며 제19회 자연환경대상 공모전에서 대상인 환경부장관상을 수상하였다. 노동저수지 수상길은 저수지 물 위에 떠 있는 데크로 수위 변동에 따라 뜨거나 가라앉는 구조로 되어있어 시작점 도교는 수위가 낮을 때는 경사가 급해진다. 탐방길으 노동수상길 0.44km, 자연마당 0.3km, 전불길 3.6km로 중간에 부위분수, 조망다리, 휴게공간 등이 있어 아름다운 자연과 함께 힐링 산책을 즐길 수 있다.",전북특별자치도 고창군 고창읍 노동로 252 ,"['#고창드라이브코스', '#고창수변공원', '#고창여행', '#관광지', '#드라이브코스', '#수변공원', '#저수지']"
책 마을 해리,"책마을해리는 1939년 개교하여 2001년에 폐교된 나성초등학교를 2000년대 중후반부터 이대건 촌장과 이영남 관장 가족이 정착하여 조금씩 보수하고 가꾸어 2013년 설립되었다. 출판 기획자, 편집자와 디자이너, 글과 그림, 사진과 조형 작업하는 작가들에 마을 주민들이 함께 어우러진 지역 인문출판 공동체이기도 하며, [누구나 책]을 모토로 어린이, 청소년, 가족, 마을 어르신들이 지역의 생태, 역사, 문화, 인문자원을 찾아내 기록하고 출판하는 다양한 출판프로그램을 진행하고 있다. 마을책방, 어린이문학관, 갤러리, 트리하우스, 시인의집, 책 공방, 버들눈 작은 도서관, 책 감옥, 한지 공방, 활자 공방, 나무 공방, 철 공방, 책 숲, 북 스테이 공간을 운영하며, 인문독서학교, 책 학교, 책 영화제, 방과후 마을학교, 어르신마을학교 (밭매다딴짓거리), 출판레지던시등의 다양한 프로그램을 진행하고 있다. 입구부터 구석구석 예쁘고 다양한 포토존과 2시간 체험활동부터 2박3일 캠프 프로그램까지 즐길거리가 가득한 고창의 명소이다.",전북특별자치도 고창군 해리면 월봉성산길 88 ,"['#고창여행', '#고창책방', '#고창체험학습', '#관광지', '#책방', '#체험학습', '#폐교', '#폐교의재탄생']"
석상암(고창),"석상암은 선운사와 함께 백제 시대에 창건된 기록이 전하며, 이후 1665년(현종 6)에 승려 학철이 중창한 선운사의 산내 암자로 승려들의 수행 장소이다. 선운산에 위치해 있으며 절 이름은 절의 서쪽 30m 지점의 평상처럼 생긴 넓은 바위에서 유래하였다.법당은 최근 건물로서 옥돌의 관세음보살좌상을 봉안하였고, 보살상 뒤에는 1765년(영조 30)에 조성된 후불탱화를 중심으로 같은 해에 조성한 칠성탱화, 지장탱화, 신중탱화 등이 좌우에 있다. 현재는 법당과 칠성각만이 남이 있으며, 주변 네 곳에 건물 터가 있는 점으로 미루어 본래는 규모가 큰 사찰이었음을 알 수 있다. 크고 웅장한 규모가 잘 갖춰진 본사 선운사와 달리 작지만 아담하고 담박한 정취가 물씬 풍기는 암자이다. 석상암은 자랑할 만한 큰 전각이나 국보급 불상은 없지만 암자 주위의 자연환경이나 그 공간이 주는 느낌이 매력적인 곳이다.",전북특별자치도 고창군 아산면 선운사로 250 ,"['#고창여행', '#관광지', '#불교', '#불교문화', '#사찰', '#사찰여행', '#선운산', '#선운산도립공원', '#역사', '#자연속으로', '#자연환경', '#전통사찰', '#한국불교', '#휴식공간', '#휴식여행', '#휴식하기', '#휴식하기좋은곳']"
아우성회센터,고창의 아우성회센터에서는 직접 어부들이 잡아온 생선들로 요리를 해주고 있다. 제철 재료와 함께 회를 모둠으로 파는 곳이다. 식당 내부는 대부분 룸으로 구성되어 있어 회식을 하거나 프라이빗하게 이용하기 좋다.,전북특별자치도 고창군 고창읍 월곡10길 24 ,"['#고창군', '#맛집', '#매운탕', '#매운탕맛집', '#방장산', '#소주한잔', '#아우성스페셜', '#음식', '#전복해물찜', '#활어회']"
석정온천휴스파,"석정온천휴스파는 게르마늄이 함유된 온천수를 100% 사용하여 치유 온천수로 명성이 높아 온천의 즐거움과 건강을 함께 선사하는 곳이다. 온천수에 함유된 게르마늄 성분은 노화 방지 및 신진대사 활성화와 고혈압, 당뇨병, 신경통 등에 뛰어난 효능이 있다. 스파는 기포탕, 플로팅, 넥 샤워, 보행 유수풀 등이 구성돼 있다. 피로를 풀어주는 실내 스파와 여름이 되면 즐길 수 있는 슬라이드, 유아 풀, 성인풀, 홍삼탕, 복분자탕 등이 구성된 야외 스파로 구성되어 있다. 2,000명이 동시 이용할 수 있는 라커룸과 푸드코트, 수유실, 휴게공간 등 다양한 편의시설이 있어 쾌적하고 여유롭게 즐길 수 있다.",전북특별자치도 고창군 고창읍 석정2로 173 ,"['#게르마늄온천', '#고창가볼만한곳', '#고창석정온천', '#고창석정온천휴스파', '#고창여행', '#고창온천', '#고창워터파크', '#관광지', '#치유온천수']"
선운도원,"선운도원은 약초 조청, 우슬 식혜, 고창 복분자 등 다양한 먹거리를 만드는 농업회사법인이다. 건강하고 행복한 삶은 소박한 밥상에서 나온다는 신념에 따라 고창에서 나고 자란 산약초와 농산물을 적극 활용하며, 모든 음식은 전통 방식으로 하나하나 정성 들여 만든다. 먹거리 판매뿐만 아니라 수제 조청을 활용한 고추장, 오란다 만들기 체험도 진행한다. 그중 오란다 만들기 체험은 조리 시간이 30분 내외로 짧고 만드는 과정도 간단해 여행 중에 짬을 내어 부담 없이 참여할 수 있다. 밀가루 대신 멥쌀과 찹쌀을 넣어 느끼하지 않고, 수제 조청으로 버무려 깔끔한 단맛이 나는 것이 특징. 이에 잘 달라붙지 않아 남녀노소 부담 없이 즐길 수 있다는 것도 장점이다. 정성껏 만든 오란다는 예쁘게 포장해서 고창 여행 기념으로 주변에 선물해도 좋다.",전북특별자치도 고창군 화산연천길 21-12 ,"['#고창가볼만한곳', '#고창여행코스', '#고창체험여행', '#관광지', '#음식만들기체험', '#체험관광지']"
람사르 운곡습지 유스호스텔,"운곡습지를 바라보며 하루를 마무리할 수 있는 유스호스텔이다. 운곡습지 풍경에 한 번 반하고 쾌적한 시설에 두 번 반하는 곳이다. 숙박동은 3가지 평수로 다양한 크기의 객실이 있으며, 80명 정도가 숙박이 가능한 12객실을 보유하고 있다. 깔끔한 시설에 비교적 저렴한 가격으로 이용할 수 있다. 주방 시설과 기본 식기, 방마다 각기 다른 테라스 전망을 갖춘 점도 매력적이다. 부대시설로는 각종 단체의 다양한 활동을 할 수 있는 무대공연장, 족구장, 배구장, 세미나실 등을 갖추고 있다. 또한, 야간 경관조명이 있어 해가 저물면 조명이 켜진 생태연못에서 야간 산책을 즐겨도 좋다.",전북특별자치도 고창군 운곡로 91 고창군 람사르 운곡습지 유스호스텔 ,"['#고창', '#고창숙소', '#람사르운곡습지', '#숙박', '#운곡습지']"
상하농원,"매일유업과 고창군이 조성한 체험형 농촌 테마파크다. 지역과 농민, 소비자의 연결고리가 되는 농원인 동시에 아이들에게 농촌의 가치와 자연산 먹거리의 소중함을 일깨우는 것을 지향한다. 농산물 재배, 가공, 유통, 소비가 한꺼번에 이루어지는 농원으로, 농축산업(1차), 제조업(2차), 서비스업(3차)이 혼합된 6차 산업의 특성을 경험할 수 있는 것이 특징이다. 방문객은 유기농 먹거리를 맛보고 구입하고 직접 만드는 과정을 통해 친환경 식재료가 음식이 되는 과정을 몸소 체험할 수 있다. 체험교실은 아이들이 소시지, 동물 쿠키, 유기농 아이스크림 등을 만드는 공간이다. 과일·햄·빵·발효 공방에서는 지역 농민들이 농사 지은 식재료가 제조되는 과정을 통유리 너머로 견학할 수 있다. 또한 푸릇한 초원에서 양, 염소, 젖소, 꽃사슴 등 다양한 동물에게 먹이를 주며 동물과 교감하는 시간을 가질 수 있다. 상하키친과 농원식당은 각각 햄공방에서 만든 햄과 소시지, 고창산 장어구이 덮밥 등 농원과 고창군의 신선한 재료로 건강한 음식을 낸다. 파머스빌리지는 상하농원 전경이 한눈에 내려다 보이는 언덕 위에 자리한 친환경 호텔로, 청정한 자연 속의 팜스테이를 표방한다.",전북특별자치도 고창군 상하면 상하농원길 11-23 ,"['#2020_산업관광지_13선', '#관광지', '#농촌테마파크', '#산업관광', '#산업관광지', '#상하농원', '#아이와함께']"
상하농원 파머스글램핑,"파머스글램핑(상하농원 파머스글램핑)은 전북 고창군 상하면 자룡리에 자리 잡았다. 고창군청을 기점으로 25km가량 떨어졌다. 자동차를 타고 송림산로와 진암구시포로를 번갈아 달리면 닿는다. 도착까지 걸리는 시간은 30분 안팎이다. 캠핑장에는 글램핑 12개 동이 마련돼 있으며, 일부 객실은 반려견 동반 입장이 가능하다. 아울러 글램핑 이용객에게는 상하농원 무료 입장권 등을 준다. 객실 내부에는 침대, TV, 테이블, 개수대, 취사도구, 조리도구 등 일상생활이 가능할 정도의 시설이 완비돼 있다. 숙박시설인 파머스 빌리지, 음식점인 파머스 테이블, 카페가 있는 웰컴라운지, 대형 수영장, 정원 등 부대시설도 알차다. 주변에는 선운산도립공원이 있어 연계 여행에 나서기 수월하다. ※ 반려견 동반 가능(소형견만 가능)",전북특별자치도 고창군 상하농원길 11-23 농원사무소 ,"['#레포츠', '#여름물놀이']"
모꼬지바지락요리전문점,"풍부한 해산물로 유명한 전북특별자치도 고창군 부안면에 위치한 바지락요리전문점으로 6시내고향, 식객허영만의백반기행에 출연했고 신선한 바지락을 사용해 바다의 싱싱함을 담아낸 정식맛집이다.",전북특별자치도 고창군 부안면 선운리 인촌로 60,"['#고창가볼만한곳', '#맛집', '#바지락', '#음식', '#전북특별자치도', '#정식', '#한식']"
신기계곡산장식당,"고창군 고수면에 있는 신기계곡 산장식당은 장작 삼겹살로 유명한 인기 맛집으로 한때는 여름에만 영업했지만, 지금은 4계절 내내 운영하고 있다. 식당 옆으로 계곡물이 흘러 음식을 먹으면서 주변 풍광을 즐길 수 있는 자연 친화적인 식당이기도 하다. 이곳에서는 사장님이 장작 위 대형 돌판에 두툼한 먹음직스러운 삼겹살과 버섯, 콩나물을 올려 불을 조절하며 직접 맛깔스럽게 구워준다. 또한 뚝배기에 국물을 한가득 담아서 올려주고, 맛있게 구워진 삼겹살은 장아찌와 김치에 곁들여 먹으면 조화가 좋다. 여름 휴가철에는 예약을 안 하면 자리가 없을 정도로 유명하고, 백숙이나, 오리백숙 등은 여름철 대표 메뉴로 예약 시에만 맛볼 수 있다. ※ 반려동물 동반 가능",전북특별자치도 고창군 문수로 245 신기계곡산장 ,"['#고창맛집', '#신기계곡산장식당', '#음식']"
백일후애,"백일후애는 직접 운영하는 제과제빵실에서 신선한 과일과 식재료로 구워 건강하고 맛있는 디저트를 판매하는 카페로, 넓고 깨끗한 실내에 모던한 인테리어가 차분한 느낌을 주는 곳이다. 천사의 날개, 천국의 계단 등 사진을 찍을 수 있는 포토존이 곳곳에 있고, 잔디밭 테이블에서 반려동물과 어린이가 함께 휴식하고 즐길 수 있는 테마 카페이다. 또한 지역 특산품(복분자, 보리, 고구마)을 이용한 복분자 도넛, 고창 천일염 소금 빵, 호박고구마 앙금 찰보리빵 만들기와 신선한 과일로 과일 케이크 만들기 등 각종 체험 프로그램도 운영하고 있다. ※ 반려동물 동반 가능",전북특별자치도 고창군 태봉로 582 ,"['#고창카페', '#백일후애', '#음식']"
디온실 컨서버토리,"고창 용산리에 있는 디온실 컨서버토리는 주변이 숲과 나무로 둘러싸여 있고, 입구부터 원목과 감각적인 인테리어가 시선을 사로잡는다. 카페의 온실 내부에 선인장, 야자수, 수국, 넝쿨식물 등 푸릇푸릇한 다양한 종류의 식물이 가득해 식물원에 온 듯한 따뜻한 감성과 분위기를 느낄 수 있다. 자연을 느끼며 힐링할 수 있는 휴식 공간으로 엄선된 프리미엄 원두로 내려지는 명품 디온실 커피를 맛볼 수 있고, 수목원의 분위기와 걸맞은 이색적인 화분 모형의 미니 케이크가 있다. 또 직접 만든 다양한 종류의 빵, 디저트와 초콜릿 라떼, 단호박 말차 라떼, 딸기 돌체 라떼 등의 이색 음료들이 있다. 깔끔한 산책로를 따라 이동 중에 만나는 곳곳의 테이블이 감성 사진을 찍기 좋은 포토존이 되고, 외부에는 야외 테이블이 있어 시원한 숲 공기를 마시며 감성을 느낄 수 있다.",전북특별자치도 고창군 복분자로 538 ,"['#고창온실카페', '#고창카페', '#음식']"
고창읍성 도예체험장,"한옥으로 지어진 편하고 쾌적한 체험공간으로 가마, 물레, 토륜기, 각종 도구 등 완벽한 시설을 구비한 곳이다. 실내, 실외 체험이 모두 가능하며 전통자기부문 명인의 강의를 받을 수 있다.",전북특별자치도 고창군 고창읍 동리로 120 ,['#관광지']
석정힐 CC,"국내 최초로 온천을 겸비한 18홀 대중골프장으로, 플레이 후 게르마늄 온천으로 쌓인 피로를 한순간에 풀 수 있다. 비기너에서부터 로우 핸디까지 남녀노소 누구나 즐길 수 있는 가족형 골프장이다. 산악 지형과 평야 제대로 확연하게 구분되는 코스이다. 마운틴 코스는 산과 계곡이 조화가 잘 이루어져 전략적, 도전적인 플레이를 할 수 있다. 레이크 코스는 드넓은 평야에서 아름다운 경치를 즐기며 잔잔하고 침착한 플레이를 할 수 있다. 호남의 3대 명산 방장산의 기운을 골프장에서도 고스란히 느낄 수 있으며, 호텔 석정 힐이 있어 숙박도 해결할 수 있다. 코스 내에 다양한 수목이 자리하고 있어 계절마다 보는 재미가 있으며, 부대시설로는 클럽하우스, 그늘집, 락커, 대식장, 프로숍 등이 있다.",전북특별자치도 고창군 고창읍 석정2로 192 ,"['#가족형골프장', '#고창석정힐cc', '#레포츠', '#석정힐1박2일', '#석정힐골프패키지', '#석정힐컨트리클럽', '#석정힐호텔', '#전라도명품골프장']"
고창군 선운산 국민여가캠핑장,"고창군 선운산 국민여가캠핑장은 전북 고창군 아산면 삼인리에 자리 잡았다. 고창군청을 기점으로 20km가량 떨어졌다. 자동차를 타고 동서대로와 인천강변로를 번갈아 달리면 닿는다. 도착까지 걸리는 시간은 20분 안팎이다. 캠핑장에는 8인, 6인, 4인이 머물 수 있는 파쇄석 사이트 30면이 마련돼 있다. 사이트 크기는 가로 17m 세로 8.5m 등 다양하다. 잔디 블록이 깔린 차박 전용 사이트도 있으며, 글램핑 6개 동도 함께 운영 중이다. 글램핑 객실 내부에는 침대, TV, 테이블, 개수대, 취사도구, 조리도구, 화장실, 샤워실 등 일상생활이 가능할 정도의 시설이 완비돼 있다. 주변에는 선운사도립공원과 고창고인돌박물관이 있다.※ 반려견 동반 불가능",전북특별자치도 고창군 선운사로 158-62 ,"['#레포츠', '#봄꽃여행']"
연기식당,"선운사 앞 장어집들 가운데 가장 유명하고 오래된 맛집이다. 갯벌 장어와 보통 장어가 대표 메뉴로, 갯벌 장어는 갯벌에 치어를 풀어 자연에서 자란 장어이고 보통 장어는 양식 장어라고 한다. 장어가 구워지는 동안 무침류, 절임류, 나물 등의 기본 반찬과 함께 쌈 채소가 나온다. 장어는 양념구이와 소금구이 두 가지 형태로 바로 먹을 수 있도록 다 구워져서 나온다. 선물이나 집에서도 먹을 수 있도록 포장이 가능하다.",전북특별자치도 고창군 아산면 선운대로 2727 ,"['#고창맛집', '#고창장어', '#수요미식회', '#연기식당', '#음식', '#장어소금구이', '#장어양념구이', '#풍천장어']"
석정시골집,"고창군 고창읍 석정2로에 위치한 석정시골집은 게르마늄 온천으로 유명한 석정온천휴스파와 석정힐 CC 근처에 있어 방문객들이 즐겨 찾는 맛집이다. 대표 메뉴는 신선하고 질 좋은 국내산 육우를 사용한 곰탕으로, 진하게 고아서 끓인 국물은 영양식으로, 노화 방지와 피로회복, 빈혈 예방에도 좋다. 다른 조미료로 맛을 내지 않고 고기 그대로 조리한 콜라겐 가득한 도가니탕, 진한 사골육수의 진곰탕, 왕갈비탕이 유명하며, 식당 내부는 넓게 테이블이 자리하고 있어, 편안한 식사가 가능하다. 연회석이 준비되어 있어 모임에도 안성맞춤이며, 식당 한쪽에는 석정시골집 테이크아웃 카페가 자리하고 있어 영수증 지참 시 할인된 가격으로 디저트 시식이 가능하다.",전북특별자치도 고창군 석정2로 164 1층,"['#고창맛집', '#고창석정시골집', '#음식']"
본가,"향토맛집 본가는 고창읍 석정리에 있는 백합, 바지락 요리를 전문으로 하는 고창 맛집이다. 백합 요리의 원조인 본가에서 오랜 세월 요리를 해온 사장님의 정성과 맛을 느낄 수 있다. 본가는 신선한 백합을 직송하여 그 자리에서 요리하기 때문에 백합의 싱싱함과 신선도는 최상이다. 본가에서는 큼지막하고 오동통한 백합의 쫄깃한 식감으로 바다향과 어우러진 깊은 맛을 느낄 수 있다. 조개의 여왕이라 불리는 백합을 코스로 즐기는 백합 정식을 비롯해 백합회, 오이, 양념의 조화가 어우러진 백합회무침, 고소한 맛이 풍부하게 느껴지는 바지락 비빔밥, 백합죽, 백합찜, 백합전 등의 여러 가지 요리를 한 번에 맛볼 수 있다. 근처에는 석정온천 휴스파, 석정힐 CC 등이 있어 현지인을 비롯해 고창을 방문한 여행객들도 많이 찾고 있다.",전북특별자치도 고창군 석정2로 160 휴타워 2층 본가,"['#고창맛집', '#음식', '#전북맛집']"
청림정금자할매집,"고창군 아산면 반암리에 있는 청림정금자할매집은 보양식인 풍천장어구이로 유명한 맛집으로, 장어뿐만 아니라 유명한 특산물인 복분자와 장어의 궁합으로 복분자로 만든 양념을 발라 구워 먹는 복분자 장어와 풍천장어 소금구이, 특제 양념의 양념구이, 구수한 맛의 된장구이 등 취향에 맞게 4가지 맛의 장어구이를 맛볼 수 있다. 또한 머위, 방풍, 민들레, 가시오갈피 나물 등 깔끔한 나물이 푸짐하게 제공되어 장어구이를 맛있게 즐길 수 있다. 가게 내부에는 장어맛 최강 달인에 걸맞은 수많은 프로그램에 출연한 주인의 자부심 넘치는 글들과 사진으로 가득하고 독특한 문양을 넣은 테이블들이 널찍하게 배치돼 있다.",전북특별자치도 고창군 인천강서길 12 청림정금자할매집 ,"['#고창맛집', '#고창장어구이', '#음식']"
작은항구,"작은항구는 풍천장어로 유명한 고창의 심원면에 있는 조용하고 아담한 동네에 있는 맛집으로, 2대째 그 맛을 제대로 느끼도록 노력해 현지인들에게도 인기가 많다. ''허영만의 백반기행'' 97회차에도 방영된 작은항구는 질 좋은 풍천장어를 선별해 좋은 숯불로 고온에 빠르게 익혀 장어 본연의 맛이 잘 살아나 담백한 장어맛을 느낄 수 있다. 또 식감이 좋은 생장어를 직접 구워주는 동시에 보는 재미도 느낄 수 있고, 바닷가 근처에 있어 멋진 풍경을 감상할 수 있다. 식재료들이 대부분 고창에서 직접 재배한 것들로, 무엇 하나 부족함 없이 장어구이와 맛있게 즐길 수 있으며, 심원 갯벌의 바지락과 직접 뽑은 칼국수 면으로 정성껏 끓여 낸 바지락 칼국수도 유명하다. 상당히 넓은 주차장이 구비되어 있어, 단체로 방문도 용이하며, 고창의 또 다른 명물인 목 넘김이 부드러운 향긋한 복분자주를 만날 수 있다.",전북특별자치도 고창군 상전1길 45 작은항구 ,"['#고창바지락칼국수', '#고창장어구이', '#음식']"
나래궁,"고창군 고창 읍내에 있는 나래궁은 지역민들에게 꾸준히 사랑받고 있으며, 고창 전통시장, 고창읍성과 가까워 함께 둘러봐도 좋다. 기존 짬짜면과는 달리 짬뽕과 짜장 소스가 한 그릇에 담겨 나와 함께 비벼 먹는 독특한 스타일의 고창식 짬짜면이 인기다. 고창식 짬짜면은 그릇 중간에 칸막이가 없는 것이 특징이며, 매콤한 볶음짬뽕에 짜장면을 비벼 먹는 재미에 여러 방송 프로그램에도 소개된 바 있다. 면은 쫄깃하고 찰진 식감을 느낄 수 있고, 새싹 보리가 들어 있어 소화에 도움을 준다. ※ 반려동물 동반 불가",전북특별자치도 고창군 동리로 41 나래궁 ,"['#나래궁', '#음식', '#전북맛집']"
퓨전한정식마실,"퓨전 한정식 마실은 한정식은 전북특별자치도 고창군에 위치하고 있다. 무겁고 비싸다는 이미지를 탈피하고자 누구나 부담 없는 가격으로 편하게 즐길 수 있는 가성비 좋은 한정식을 제공한다. 천연 조미료를 사용하여 어머니의 정성이 담긴 집밥을 생각나게 하는 건강한 메뉴들로 구성하였다. 약선보쌈, 복분자떡갈비, 소갈비찜과 다양한 반찬으로 구성된 마실정식이 대표메뉴이며,  외에 기본정식, 가람정식, 보리굴비정식, 게장정식, 장어정식 등 다양한 한정식을 맛볼 수 있다.",전북특별자치도 고창군 월암수월길 104-8 ,"['#고창맛집', '#음식', '#퓨전한정식마실']"
해주가든,"해주가든은 전라북도 고창군 삼인리에 있는, 50여 년 전통의 풍천 장어 숯불구이 전문점이다. 선운산 자락에 위치해 있는 맛집으로 고창의 특산물인 풍천 장어를 센 불에 초벌구이 해 기름기를 쏙 뺀 뒤 나오는데, 장어의 느끼함과 비릿함 없이 탱글탱글한 식감을 즐길 수 있다. 장어는 소금구이와 양념구이 두 가지 맛이 있고 한상 가득 채워지는 밑반찬들은 푸짐하고 맛있다. 넓은 홀과 개별 룸, 야외 테이블도 갖추고 있어 모임 장소로도 적합하고, 주차장 또한 편리해 단체 모임이나 가족 식사를 하기 좋다.",전북특별자치도 고창군 선운대로 2781 선운산해주집 ,"['#고창맛집', '#고창장어맛집', '#선운사풍천장어맛집', '#선운산맛집', '#음식', '#풍천장어맛집']"
길뜨락,"건강하고 맛있게 한 끼 식사를 즐길 수 있는 길뜨락은 전북 고창군 공설운동장 입구에 위치한 한식당이다. 매운맛을 살리기 위해 인공 조미료를 넣지 않고, 천연재료와 청양고추만을 사용하여 요리하기 때문에 맛있게 매운맛이다. 대표메뉴는 오동통한 낙지가 듬뿍 들어간 낙지비빔밥이다. 이외에도 왕갈비탕, 생불고기전골, 낙지갈비찜 등이 있으며, 몸보신하기에 좋은 한방 통오리 백숙도 있다. 오리백숙은 1시간 전 예약 주문이 필수이다.",전북특별자치도 고창군 상원사길 1-6 길뜨락 ,"['#고창낙지맛집', '#고창맛집', '#고창여행', '#고창읍성맛집', '#음식', '#전북맛집']"
명가풍천장어,"고창 선운사 입구에 자리한 명가 풍천장어는 40여 년 전통을 이어온 식당으로, 고창산 지주식 토종풍천장어 본연의 맛을 느낄 수 있는 곳이다. 직접 쑨 도토리묵과 사포닌이 많이 함유된 도라지, 장뇌삼, 꽃게장을 제공하고 도토리묵과 꽃게장은 무한리필로 먹을 수 있다. 아늑한 분위기와 편안하게 이용할 수 있는 넉넉한 공간, 맛깔스러운 15가지 이상의 반찬으로 한정식 못지 않은 푸짐한 상차림이 나간다. 모든 반찬을 직접 만들어 집에서 먹는 밥맛을 느낄 수 있으며, 고창 선운사 근처에 자리하고 있어서 현지인뿐만 아니라 여행객들도 많이 찾는다. 10인 이상 단체 손님에게는 할인 적용도 된다.",전북특별자치도 고창군 선운사로 16-5 명가풍천장어 ,"['#고창맛집', '#명가풍천장어', '#선운사맛집', '#음식', '#장어구이맛집', '#풍천장어맛집']"
호텔석정힐[한국관광 품질인증/Korea Quality],"호텔석정힐은 골프장인 석정힐컨트리클럽(석정힐C.C) 이용객이 주로 찾는 리조트다. 하지만 호텔이 골프장과 분리되어 있어 일반 여행자도 숙박이 가능하다. 골프장과는 차로 5분 거리에 있어 골프장을 이용하는데 편리하다. 깔끔한 객실을 제공하고, 세미나실도 운영하여 야유회나 비즈니스 모임도 할 수 있다.",전북특별자치도 고창군 석정2로 192 클럽하우스 ,"['#고창숙소', '#고창여행', '#고창호텔', '#마운틴뷰', '#숙박', '#품질인증업소_전라', '#품질인증업소_전체보기', '#한국관광품질인증', '#한국관광품질인증_호텔', '#호텔']"
강나루풍천장어,"강나루풍천장어는 전북 고창군 용산리에 위치한 음식점이다. 1박 2일, 예체능, 생방송 TV에 출연한 풍천 장어구이 전문점으로 옥수수를 이용하여 장어구이를 함으로써 맛은 더욱 고소해지며 구이뿐만 아니라 몸에 좋은 장어탕까지 준비되어 있는 곳이다. 또한 주변 강가에 산책로가 잘 꾸며져 식사 후 간단히 걷기에도 좋다.",전북특별자치도 고창군 연기길 17 ,"['#가족외식추천', '#맛집제보', '#비주얼맛집', '#음식']"
우진갯벌장어,"풍천장어'라 부를 때 '풍천'이라는 것은 지역의 지명이 아니라, 조수간만의 차가 큰 서해안이나 남해안과 접해진 강 중 민물과 바닷물이 만나는 지점을 이르는 말이다. 이런 곳은 흔히 물결이 회오리치고, 거센 바람이 일어나게 된다 하여 풍천(風川)이라 부르는데, 고창의 '갯벌풍천장어'는 그러한 풍천 중에 전라도에서 가장 유명한 곳으로 바다와 민물이 만나는 갯벌에서 사료를 주지 않고 기른 장어라 그런지 다른 장어에 비해 유난히 육질이 쫄깃쫄깃한 것이 특징이다. 달콤하고 짭조름한 간장 소스에 찍어 먹는 통통하고 담백한 갯벌풍천장어의 맛, 혀에 착착 감기는 것이 제대로 진맛이라 할 수 있겠다.",전북특별자치도 고창군 고창읍 상월1길 7 ,"['#고창맛집', '#고창장어', '#고창풍천장어', '#담백한_맛갯벌풍천장어구이', '#맛집', '#연중무휴', '#우진갯벌장어', '#음식', '#장어맛집', '#전북맛집', '#풍천장어', '#풍천장어전문']"
다은회관,"다은회관은 백합, 오리고기 전문 식당이다. 한옥의 느낌을 그대로 살린 룸은 색다른 분위기로 요리에 맛을 더하고 따뜻한 온돌에서 맛보는 백합정식은 백합회, 삶은 백합, 백합죽 등 백합으로 만든 여러 가지 요리를 즐길 수 있다. 그 외의 음식으로 아귀탕과 약오리찜도 다은회관의 별미이다.",전북특별자치도 고창군 고창읍 동산7길 1 ,"['#고창맛집', '#맛집', '#백합정식', '#백합죽', '#분위기_좋은', '#생선찜', '#생선탕', '#약오리찜', '#음식', '#조개요리', '#추어탕']"
필봉솥뚜껑삼겹살,"전북특별자치도 고창군에 위치한 필봉솥뚜껑삼겹살은 생삼겹 전문점으로 두툼한 솥뚜껑에서 구워낸다. 구이류 외에도 식사류 메뉴도 다양하며, 넓은 홀과 룸이 준비되어 있어 회식 및 가족단위 식사를 조용히 즐기기에 좋다.",전북특별자치도 고창군 고창읍 월곡8길 6 ,"['#가브리살', '#건강한요리', '#건강한음식', '#김치찌개', '#맛집', '#생삼겹살', '#음식', '#제육볶음', '#한식', '#한식당', '#한식맛집']"
고창컨트리클럽,"서해안 고속도로를 따라 일일생활권이 가능해진 전북특별자치도 고창에 위치한 고창 컨트리클럽은 바다에 인접한 점을 최대한 활용하여, 탁 트인 코스 경관과 해수를 끌어들인 자연적인 워터 해저드, 송림을 타고 불어오는 시원한 바닷바람 등 자연환경을 최대한 살려 골퍼들에게 편안하면서도 도전정신 또한 불러일으키는 코스를 설계하였다. 18홀의 바다코스와 푸른 코스, 3홀의 하늘코스로 이루어져 있다.",전북특별자치도 고창군 심원면 애향갯벌로 70 ,"['#고창가볼만한곳', '#골프', '#골프리조트', '#골프장', '#골프클럽', '#남녀노소', '#레저스포츠', '#레포츠', '#복합레저스포츠', '#생활스포츠', '#스포츠체험', '#익스트림스포츠', '#휴식공간', '#휴식여행', '#휴식하기좋은곳']"
고창 고색창연마을 [농촌전통테마],방장산이 마을 남쪽 방향으로 병풍처럼 감싸고 있어 조망이 좋은 곳에 위치하고 있으며 마을 앞에는 덕화천이라는 하천이 흐르고 있다. 특히 오래된 당산나무 두 그루가 있어 매년 촌제라고 부르는 제사를 지내고 있다. 고창 고색창연마을은 고창복분자와 기타 잡곡을 중심으로 한 밭농사와 논농사를 주로 하는 전형적인 농촌마을로 뒤로는 방장산이 있어 등산을 하기 좋고 양반 중심의 전통이 살아 있어 옛 선비들의 혼이 살아있는 마을 돌담과 전통가옥들을 만날 수 있다.,전북특별자치도 고창군 신림면 가평1길 65 ,"['#관광지', '#농촌마을', '#농촌여행', '#농촌체험', '#자연여행', '#자연좋은곳', '#자연환경', '#전통가옥', '#체험', '#휴식공간', '#휴식여행', '#휴식하기', '#휴식하기좋은곳']"
고창읍성,"고창은 우리나라에서 군 단위로는 최대의 고인돌 밀집 지역이다. 고창읍성(모양성)과 선운사, 그리고 동리 신재효와 미당 서정주의 고장인 고창은 삼한시대인 마한의 54개 소국 가운데 “모로비리국”의 시초로 열리기 시작, 백제 때에는 ‘모량부리현’ 또는 ‘모양현’으로 불렸고 고려시대 이래 ‘고창현’으로 불렸다. 고창은 방장산을 긴 노령산맥을 등허리에 안고, 서해에 연해지면서 자리한 고을터이다. 특히 고창은 전북의 삼신산 중 하나인 방장산 여맥이 이어져 일으켜 세운 곳이다. 방장산이 좌우로 펼쳐져 고창군 일대를 광활한 대지로 만든다. 고창은 풍수지리학상, 오행에 적합한 형태를 취하고 있는 드문 지역으로 동쪽과 남쪽이 높은 반면 서북쪽이 낮게 형성되어 통풍과 햇빛이 골고루 퍼져 농작물 재배는 물론 인간의 두뇌 형성에도 아주 좋은 인맥의 고장이자 예향으로 널리 알려진 고을이기도 하다. 고창의 산야는 전북특별자치도의 다른 시군에 비해 낮은 야산으로 형성되어 있다. 즉 비산비야 지역이다.* 연혁고창읍성은 조선 단종 원년(1453년)에 왜침을 막기 위하여 전라도민들이 유비무환의 슬기로 축성한 자연석 성곽이다. 일명 모양성이라고도 하는 이 성은 나주진관의 입암산성과 연계되어 호남내륙을 방어하는 전초기지로서 국난호국을 위한 국방 관련 문화재로 보존되고 있다. 1965년 4월 1일 사적으로 지정된 이 성의 둘레는 1,684m 높이가 4~6m, 면적은 50,172평으로 동, 서, 북문과 3개소의 옹성 6개의 치성을 비롯하여 성 밖의 해자 등 전략적 요충시설이 두루 갖추어져 있다. 성내에는 동헌, 객사 등 22동의 관아건물과 2지 4천이 있었으나 전화로 소진되고 성곽과 공북루만 남아있던 것을 1976년부터 옛 모습대로 복원해 오고 있다.* 축성 목적산성은 성과 연결이 잘 되는 곳에 축성하게 되는데, 고창읍성에서 제일 가까운 곳에 입암산성이 있으며, 입암산성은 나주진관과 더불어 호남내륙을 방어하는 요충지였다. 호남내륙에서 한양에 갈 때는 노령산맥인 갈재를 넘어야 했다. 그런데 갈재는 험준하고 봉변을 주는 곳이었다. 이러한 곳을 지키고 영광, 고창, 장성 등 부근 지역의 농산물과 해산물을 법성포를 통해 반출하는 것을 막는 역할을 입암 산성이 담당했었다. 서해안을 노략질하는 왜구도 입암산성에서 막아야 하는데, 입암산성과 법성포와 고창, 영광지역은 너무 멀어 입암산성의 힘이 크게 미치지 못해 서해안 일대를 지키는 전초기지가 절대적으로 필요했다. 고창읍성은 이런 이유로 축성되었고 호남내륙을 왜구의 노략질로부터 지켜왔다.* 축성방식축성에 사용된 석재는 거의 자연석이지만 초석, 대리석, 당간지주 등 어느 절에서 나온 듯한 석재들을 깨뜨려 쓴 것도 가끔 끼어 있다. 특히 북문인 공북루의 주춧돌 높이는 제각각이라서 1m쯤 되는 것이 있는가 하면 아예 땅에 깔려 기둥이 바닥까지 내려온 것도 있어서 이채롭다.* 고창읍성의 특징조선시대의 읍성들은 평야 지대에 양면을 돌로 쌓아 만들고 성문 위에는 누각을 지어 적을 감시하고 전투를 지휘했으며 성내에서는 관민이 함께 생활하였다. 그런데 고창읍성만은 나지막한 야산을 이용하여 바깥쪽만 성을 쌓는 내탁법 축성 기법을 사용하였으며, 성문 앞에는 옹성을 둘러 쌓아 적으로부터 성문을 보호할 수 있도록 축성하였다. 또한, 성내에는 관아만 만들고 주민들은 성 밖에서 생활하다가 유사시에 성안으로 들어와서 함께 싸우며 살 수 있도록 4개의 우물과 2개의 연못을 만들어 놓았다. 성벽에는 축성에 참여했던 고을 이름과 축성연대가 새겨져 있어 계유년(1453)에 전라 좌, 우 도민들이 모두 참여하여 축성했음을 알 수 있다.▶ 답성(성밟기)놀이성을 밟으면 병이 없어 오래 살고 저승길엔 극락문에 당도한다는 전설 때문에 매년 답성놀이 행사가 계속되고 있으며, 성밟기는 저승문이 열리는 윤달에 해야 효험이 많다고 하며 같은 윤달이라도 3월 윤달이 제일 좋다고 한다. 또한 엿샛날이 저승문이 열리는 날이라고 하여 초엿새, 열엿새, 스무엿새날에 답성 대열이 절정을 이루고 있다. “성을 한 바퀴 돌면 다릿병이 낫고, 두 바퀴 돌면 무병장수하며 세 바퀴 돌면 극락 승천한다.” 고 한다. 성을 돌 때는 반드시 손바닥만 한 돌을 머리에 이고 성을 돌아 성 입구에 다시 그 돌을 쌓아 두도록 되어 있다. 고창 읍성이 아낙네들의 힘만으로 축조되었다는 전설적 사연으로 답성도부녀자들 만의 전유민속이 되었지만 흙 한 줌, 돌 한 개도 모두가 부녀자들의 손과 머리로 운반, 구축되었던 당시의 대역사를 되새겨 보는 뜻으로 돌을 머리에 이고 도는 풍습이 남아있다. 또한 돌을 머리에 이고 성을 도는 관습은 여인네들의 체중을 가중시켜 성을 더욱 단단히 다지게 하는 의도였을 것이다. 그리고 가장 깊은 뜻은 이 성곽의 축성 배경이 왜침을 막기 위한 것이었으므로 유사시의 석전에 대비하는 유비무환의 예지로서 머리에 인 돌을 성안에 쌓아 두고 갔다는 전설도 모두가 호국의 예지를 빛내 주는 이야기들이다. 고창군에서는 답성민속을 기리기 위해 음력 9월 9일인 중양절을 군민의 날로 정하고「모양성제」와 함께 답성놀이를 재현하고 있다.▶ 수문장 재현음력 9월 9일을 전후하여 4일간 ‘모양성제’가 열리며, 이때 조선시대 관군복장을 갖춘 수문장이 고창읍성을 수호하는 장면을 재현된다. 고창 읍성의 성곽 주위에 수십 개의 옛 진영 깃발을 꽂아 고을수령(현감)이 재임하던 시절 관아의 위엄을 갖춰놓고 형형색색의 멋진 조선시대 관군복에 칼을 든 수문장과 흑백색의 순라복장에 창을 든 포졸을 공북루에 배치했다. 특히, 스스로 관군이 되어보기를 원하는 관광객을 위해 관리사무소에 관군복을 비치해 놓고 이를 빌려줌으로써 사진촬영을 통해 관군으로서의 체험도 직접할 수 있도록 프로그램도 마련해 놓고 있다.▶ 척화비이 비는 조선말기에 대원군이 펼친 쇄국정책의 상징이라 할 수 있는 것으로 병인년에 비문을 만들고 신미년(1871)에 세워진 것이다. 비문의 내용은 “서양 오랑캐가 침범하는데 싸우지 않는 것은 곧 화친을 하자는 것이요, 화친을 하자는 것은 나라를 파는 것 임을 온 백성에게 경계한다.” 라는 뜻이다. 이 비문을 지은 병인년에는 천주교에 대한 탄압도 도화선이 되어 병인양요가 발생하였고, 비를 만들어 세우 신미년에는 미국군함이 강화도를 침범한 신미양요가 발생하였다.▶ 관아건물축성 당시에는 동헌과 객사 등 22동의 관아건물이 있었으나 병화로 소진된 것을 1976년부터 성곽과 건물 14동을 복원·정비하였다.",전북특별자치도 고창군 고창읍 모양성로 1 ,"['#2024_여행가는달과함께하는_발도장여행지', '#가족여행', '#고창읍성', '#관광지', '#교과서속여행', '#문화관광해설사', '#아이와함께', '#역사', '#역사공부', '#역사관광지', '#역사를품은곳', '#역사문화재', '#역사속으로', '#역사여행', '#역사유적', '#역사유적지', '#역사유적지', '#역사이야기', '#역사체험', '#역사탐험', '#연인과함께', '#전통역사문화체험', '#친구와함께']"
선운사(고창),"선운사는 전북특별자치도 고창군 아산면 도솔산(兜率山)에 위치한 대한불교조계종 제24교구 본사이다. 도솔산은 선운산(禪雲山)이라고도 하며, 조선 후기 선운사가 번창할 무렵에는 89개의 암자와 189개에 이르는 요사(寮舍)가 산중 곳곳에 흩어져 있어 장엄한 불국토를 이루기도 하였다. 김제의 금산사(金山寺)와 함께 전라북도의 2대 본사로서 오랜 역사와 빼어난 자연경관, 소중한 불교문화재들을 지니고 있어 사시사철 참배와 관광의 발길이 끊이지 않는 곳이다. 선운사의 창건은 신라 진흥왕이 창건했다는 이야기와 백제 위덕왕 24년(577)에 고승 검단(檢旦, 黔丹) 선사가 창건했다는 두 가지 이야기가 전해지고 있다.신라의 진흥왕(540∼576)이 만년에 왕위를 내주고 도솔산의 어느 굴에서 하룻밤을 묵게 되었는데, 이때 미륵 삼존불이 바위를 가르고 나오는 꿈을 꾸고 크게 감응하여 중애사(重愛寺)를 창건함으로써 이 절의 시초를 열었다는 것이다. 그러나 당시 이곳은 신라와 세력다툼이 치열했던 백제의 영토였기 때문에 신라의 왕이 이곳에 사찰을 창건하였을 가능성은 희박하다. 따라서 시대적 및 지리적 상황으로 볼 때 검단선사의 창건설이 정설인 것으로 받아들여지고 있다.검단스님의 창건과 관련해서도 여러 가지 설화가 전해오고 있다. 본래 선운사의 자리는 용이 살던 큰 못이었는데 검단스님이 이 용을 몰아내고 돌을 던져 연못을 메워나가던 무렵, 마을에 눈병이 심하게 돌았다. 그런데 못에 숯을 한 가마씩 갖다 부으면 눈병이 씻은 듯이 낫곤 하여, 마을사람들이 너도나도 숯과 돌을 가져옴으로써 큰 못은 금방 메워지게 되었으며, 이후 그 자리에 선운사를 창건하였다. 검단스님은 “오묘한 지혜의 경계인 구름(雲)에 머무르면서 갈고닦아 선정(禪)의 경지를 얻는다” 하여 절 이름을 “선운(禪雲)”이라 지었다고 한다.현재 선운사에는 보물 8점, 천연기념물 3점, 전북특별자치도 유형문화재 11점, 전북특별자치도 문화재자료 3점 등 총 25점이 있다. 특히 대웅전 뒤에는 수령 약 500년, 높이가 평균 6m는 되는 동백나무들의 군락이 천연기념물로 지정되어 있는데, 꽃이 만개하는 봄이면 사찰 뒤로 꽃 병풍을 펼쳐 놓은 듯한 장관을 이루고, 선운산의 동백숲을 기념하기 위해 매년 4월 중순경 동백연예술제가 열린다.",전북특별자치도 고창군 아산면 선운사로 250 ,"['#2024_여행가는달과함께하는_발도장여행지', '#가족여행', '#가족체험여행', '#고창선운사', '#고창여행', '#관광지', '#불교', '#불교문화', '#사계절', '#사찰', '#사찰여행', '#산사', '#선운사', '#아이와함께', '#역사', '#자연좋은곳', '#자연환경', '#전라권', '#전통사찰', '#체험학습', '#템플스테이', '#한국불교', '#휴식하기좋은곳', '#힐링', '#힐링여행']"
운곡 람사르,"운곡람사르습지는 동산지형 저층습지로 그 생태적 가치가 높아 습지보호지역으로 지정되었다. 총 864종의 동식물 생물다양성이 높고, 멸종위기 야생 동?식물 및 희귀종의 생태적 서식지로서도 보전가치가 높다. 이곳은 또한 고창고인돌 유적, 서산산성 등 역사문화자원이 풍부한 유서 깊은 곳으로, 세계문화유산으로 지정된 다양한 고인돌을 접할 수 있는 유일한 곳으로써 생태적 사료의 가치가 살아있는 지역적 보고이다. 자연환경이 잘 보존되어 있고 다양한 생태관광프로그램을 체험할 수 있는 관광지이다.* 문의 : 063-560-2957* 관련 홈페이지 : http://www.gochang.go.kr/tour◎ 이용안내- 이용요금 : 무료- 화장실 : 있음 (남녀구분)- 장애인 편의시설 : 장애인 화장실 있음 (남녀구분)- 주차시설 : 일반 30여 대 주차 가능",전북특별자치도 고창군 아산면 용계리 212번지 ,"['#걷기길', '#고창', '#고창운곡람사르습지', '#관광지', '#생태관광', '#생태관광지', '#운곡람사르습지', '#체험학습', '#체험학습']"
선운산 (전북 서해안 국가지질공원),일몰이 아름다운 것으로 알려진 선운산의 낙조대와 천마봉 일대는 화산암 중 하나인 유문암으로 구성되어 있다. 이때 유문암은 주변의 응회암보다 단단하고 치밀하여 풍화에 강한 특성을 보이기 때문에 유문암과 응회암 간의 차별적인 풍화작용에 의해 주로 유문암이 수직에 가까운 암석 절벽을 이루고 이뤄 수려한 자연 경관을 관찰할 수 있다. 그렇기 때문에 선운산 일대에서는 수려한 자연경관과 함께 암석의 풍화작용의 특징을 이해하는 중요한 장소가 된다.<출처 : 전라북도지질공원>,전북특별자치도 고창군 아산면 선운사로 158-6 ,"['#가족여행', '#관광지', '#국가지질공원', '#꽃여행', '#등산', '#등산로', '#선운산도립공원', '#아이와함께', '#연인과함께', '#자연', '#자연좋은곳', '#전라권', '#전망좋은곳', '#전북_서해안_국가지질공원', '#조깅', '#지질공원', '#지질명소', '#친구와함께', '#힐링&휴양여행']"
명사십리 및 구시포  (전북 서해안 국가지질공원),"고창 명사십리 해변은 서해안에서는 보기 드문 약 8.5km 거리의 직선형 해안으로 파도와 조수의 혼합작용에 의해 계절 별로 퇴적물의 변화가 나타나는 대표적인 개방형 조간대의 연안환경을 보여주고 있다. 또한 고창 해안은 바다에서 육지로 가면서 600m 이상의 넓은 모래질 조간대와 해빈으로 구성되어 있는데, 강한 계절풍의 영향으로 모래 공급이 쉬워 해빈과 인접한 육지에 풍성 해안사구가 형성되어 있다. 이렇게 형성된 해안사구는 해송 등의 다양한 식생이 분포하고 있어 바람, 해일 등으로부터 해안 마을을 보호해 주는 완충 역할을 하고 있다.구시포는 가막섬 부근에서 고창지역의 기반암에 해당하는 고원생대의 편마암과 중생대 쥐라기 화강암의 관입경계를 직접 관찰할 수 있어 생성원인이 다른 암석의 특징을 서로 비교해 볼 수 있는 곳이다. 또한 두 암석 간의 관입경계와 함께 화강암 내에서 편마암의 포획체를 관찰할 수 있어 암석의 선후 관계를 관찰하고 학습할 수 있다.",전북특별자치도 고창군 상하면 진암구시포로 545 ,"['#관광지', '#국가지질공원', '#자연', '#자연발생', '#자연속으로', '#자연여행', '#자연좋은곳', '#자연풍경', '#자연환경', '#전북_서해안_국가지질공원', '#지질공원', '#지질명소']"
소요산 (전북 서해안 국가지질공원),"소요산 8부 능선 부근에는 선운산 화산암체가 형성되는 최후기에 마그마의 점성이 큰 유문암의 관입으로 인해 형성된 용암돔을 관찰할 수 있다. 용암돔은 안산암질이나 유문암질 마그마와 같이 점성이 큰 용암이 지표로 분출하여 화구 위로 솟아올라서 종을 엎은 모양으로 된 화산을 말하며, 흔히 종상화산이라고도 한다. 화구에서 밀려나온 점성이 큰 용암은 화구에서 멀리 흘러내리지 못하고, 화구를 메우면서 돔 모양의 화산체를 형성한다. 여기서는 화산암이 유동하면서 굳어질 때 가지게 되는 평행 구조인 유상구조가 내부에서 수직 방향으로 발달해 있는 것을 관찰할 수 있다. 그렇기 때문에 소요산 용암돔은 점성이 큰 유문암질 용암돔의 내부 성장과정을 학습할 수 있는 좋은 장소가 된다.",전북특별자치도 고창군 부안면 용산리 ,"['#경치좋은곳', '#관광지', '#국가지질공원', '#자연', '#자연관광지', '#자연발생', '#자연속으로', '#자연여행', '#자연좋은곳', '#자연풍경', '#자연환경', '#전북_서해안_국가지질공원', '#지질공원', '#지질명소']"
병바위 (전북 서해안 국가지질공원),"병바위는 마치 병을 뒤집어 놓은 형상을 하고 있는 것 같다고 하여 붙여진 이름이다. 신선이 술에 취해 술상을 발로 찼는데 술병이 거꾸로 꽂혀 병바위가 되었다는 재미있는 설화가 전해지고 있다. 그러나 실제로 병바위는 보는 각도에 따라 사람의 얼굴 형상을 하는 것처럼 보이기도 하다. 이와 같은 병바위는 유문암이라는 암석이 풍화?침식을 받아 형성된 것이다. 병바위 유문암은 주변 화산력응회암보다 단단하고 치밀하여 풍화에 강한 특징을 보이기 때문에, 유문암과 화산력응회암 간의 차별적인 풍화작용에 의해 형성된 유문암의 가파른 수직 암석 단애의 수려한 경관과 전형적인 타포니 구조를 관찰할 수 있어 지질학적 가치를 지닌다.",전북특별자치도 고창군 아산면 반암리 ,"['#경치좋은곳', '#관광지', '#국가지질공원', '#자연', '#자연관광지', '#자연발생', '#자연속으로', '#자연여행', '#자연좋은곳', '#자연풍경', '#자연환경', '#전북_서해안_국가지질공원', '#지질공원', '#지질명소']"
고창갯벌 (전북 서해안 국가지질공원),"심원 갯벌은 우리나라 서해안을 대표하는 곰소만 갯벌의 일부로서 평균조차가 약 4m 이상인 대조차 환경에 해당한다. 우리나라 서해안 갯벌은 캐나다의 동부해안, 미국의 동부 해안, 북해 연안 및 아마존강 유역과 더불어 세계 5대 갯벌 지역으로 알려져 있다. 그중 하전 갯벌이 포함된 곰소만 갯벌은 우리나라 전체 갯벌 면적에서 차지하는 비율은 크지 않지만 갯벌 전문가에 의해 가장 본격적으로 연구된 갯벌이기도 하다. 이 때문에 과거부터 최근까지도 국내외 해양지질 국제 저명 학술지에 지속적으로 논문이 발표되고 있다.곰소만 일대의 갯벌은 세계적인 습지보호지역인 람사르습지와 유네스코 생물권 보전지역의 핵심지역이다. 특히, 하전 갯벌이나 만돌 갯벌은 전북 갯벌체험학습장을 운영하고 있어 전국적인 갯벌 생태체험 학습 명소로도 잘 알려져 있다. 이곳은 전국 최대의 갯벌 바지락을 생산하면서 어촌체험 우수마을로 선정될 정도로 갯벌 생태 관광지로서 도시와 어촌 간 교류가 활발한 관광 친화적인 어촌문화를 가꾸어 가고 있다.",전북특별자치도 고창군 심원면 만돌리 ,"['#갯벌체험', '#관광지', '#국가지질공원', '#바다내음', '#이색체험', '#자연', '#자연관광지', '#자연마을', '#자연발생', '#자연속으로', '#자연여행', '#자연좋은곳', '#자연풍경', '#자연환경', '#전북_서해안_국가지질공원', '#지질공원', '#지질명소']"
한우청보리,"고창 보리밭 근처에 있는 한우 음식점 및 휴게소이다. 대표가 직접 소고기 정형을 하여 신선한 한우와 육개장, 우족탕을 먹을 수 있는 곳이다.",전북특별자치도 고창군 공음면 씨앗등로 277 ,"['#갈비탕', '#냉면', '#맛집', '#생고기', '#육개장', '#육회', '#음식', '#차돌박이', '#한우_꽃등심', '#한우_특수부위', '#한우불고기']"
고창신재효고택,"판소리를 집대성, 국문학사에 뛰어난 족적을 남긴 동리 신재효 선생(1812~1884)의 고택이다. 1979년 1월 26일 국가민속문화재로 지정된 이 집은 신재효의 대저택인 동리정사의 사랑채로 조선 철종 때인 1850년에 처음 지었고 1899년에 고쳐 지은 것으로 추정한다.본래 동리정사는 13,000여 ㎡ 대지에 안채와 14칸 줄행랑채 등 많은 부속 건물이 있었던 곳이다. 마당으로 수로가 흘렀고 거대한 석가산이 있어 운치 있는 집이었으나 지금은 사랑채와 오동나무, 우물 등이 남아 있다. 이 고택은 특이하게 원기둥과 사각기둥이 섞여 있다.건축 당시에는 모두 원기둥이었는데, 암행어사가 신분에 맞게 법을 지키기를 요청하자 어사의 체면을 살려주고자 집을 낮추고 뒷기둥을 격이 낮은 사각기둥으로 고쳤다고 한다.판소리문학의 이론가, 연출가이자 광대의 지휘자라는 평을 듣고 있는 신재효 선생은 1812년에 신광흡의 1남 3녀 중 외아들로 이곳 읍내리에서 태어났다. 동리 신재효는 애초 소리꾼이 아니라 재산이 넉넉한 중인 출신이었다.아버지로부터 물려받은 부를 기반으로 집안을 번창시키면서 판소리의 발전에 남다른 애정을 쏟았다. 신재효는 <춘향가> <심청가> <박타령> <토끼 타령> <적벽가> <가루지기타령(변강쇠 타령)> 등 판소리 여섯 마당을 정리하였다.이전까지 일정한 체계나 순서 없이 불러오던 광대 소리를 모아 사설의 체계를 잡아 개작하고 통일한 판소리 문학의 이론가요, 연출가로서 판소리 사설(타령)을 창작하고 집대성한 인물이다.신재효는 향리라는 신분적 한계에도 불구하고 당시 천대 받던 판소리꾼을 교육하고 예술 활동을 후원하여 판소리를 국문학의 정수로 끌어올렸다.",전북특별자치도 고창군 고창읍 동리로 100 (고창읍),"['#가족여행', '#고창여행', '#관광지', '#국가민속문화재', '#신재효고택', '#역사', '#역사공부', '#역사관광지', '#역사를품은곳', '#역사문화재', '#역사속', '#역사속으로', '#역사유적', '#역사유적지', '#역사이야기', '#역사탐방', '#역사탐험']"
현곡정사(화강서원),"서원은 조선 중기 이후에 학문을 연구하고 공자와 훌륭한 유학자의 제사를 지내기 위하여 지역 사림에 의해 설립된 사설 교육 기관이다. 현곡정사(화강서원)은 고창시가지 서부의 고창IC 인근에 위치한 고건물이자 서원이다. 현곡정사는 현곡 유영선(1893~1961)이 그의 스승 간재 전우(1841~1922)가 1년 정도 강학 활동을 하던 자리에서 다시 학문을 연구하고 후학을 양성하기 위해 1924년에 건립하였다. 이 건물은 장대석 기단 위에 초석을 놓고 방주를 세워 지은 정면 3칸, 측면 2칸의 규모로, 옆면에서 볼 때 팔자형 팔작지붕이다. 평면은 마루방, 방, 대청, 건넌방 순으로 구성되어 있는데, 건넌방 뒤에는 작은 골방이 있다. 현곡정사는 이러한 가치를 인정받아 1974년에 전북특별자치도의 유형문화재로 지정되었다. 그리고 현곡정사를 기반으로 1955년에는 이곳에 전우와 유영선을 모시는 서원이 건립되었는데, 이것이 화강서원이다. 그리고 그 다음해 용암사를 세워 현재에 이르고 있다.주변에는 고창 고인돌 유적 및 공원, 고창읍성, 석탄정 등이 있어 연계하여 관광할 수 있다.",전북특별자치도 고창군 고창읍 주곡1길 68-34 (고창읍),"['#관광지', '#교과서속여행', '#서원', '#역사', '#역사공부', '#역사관광지', '#역사를품은곳', '#역사문화재', '#역사속', '#역사속으로', '#역사유적', '#역사유적지', '#역사이야기', '#역사탐험', '#유적지', '#전라권', '#화강서원']"
화동서원,"화동서원은 광산김씨의 사우로 원래 1796년(정조 20) 시조 신라왕자 흥광의 유허인 전라남도 담양군 대전면 평장리(현 광주광역시 평장동)에 종사당이라 이름하고 김양감을 봉안 향사하다가 조령으로 훼철되었다. 김승길, 김오행은 장성 경현사에 배향괴었다가 일제의 강압으로 사우가 훼철되었다가 1957년에 현 위치에 사우를 창건하고 김양감, 김인우, 김승길, 김오행을 향사하고 있다.",전북특별자치도 고창군 대산면 교동길 24 (대산면),"['#관광지', '#교과서속여행', '#서원', '#역사', '#역사공부', '#역사관광지', '#역사를품은곳', '#역사문화재', '#역사속', '#역사속으로', '#역사유적', '#역사유적지', '#역사이야기', '#역사탐방', '#역사탐험', '#유적지', '#전라권', '#화동서원']"
만화서원,"제주고씨 고인상이 선조 문충공 고경을 주벽으로, 문영공 고용현과 화당 고만욱을 추배하기 위해 건립한 서원이다. 고창군 신림면 무림리 만화마을에 위치해 있다.문충공파 파조 고경은 고려말의 문신으로 호는 휴옹, 시호은 문충 또는 문영으로 이부상서 백연의 아들로 다섯 살에 시를 지었고 열두 살에 논어를 외우니 당시에 옥산의 신동이라 하였다. 충렬왕 18년(1292) 16세에 친명으로 문과에 급제하여 벼슬길에 올랐다. 목은 이색, 포은 정몽주, 야은 길재 등이 공을 스스의 예로 존경하고 충효가 동방의 으뜸이 된다 하였다. 또한, 고용현은 고려 후기의 충신이며 고만욱은 고인상의 부친으로, 부모상을 당했을 때 예를 극진히 하였다고 한다. 만화서원의 사당은 3칸, 강당은 4칸으로 모두 팔작지붕이며 동재는 4칸, 서재는 3칸이다. 그 외에 외삼문 1동이 있다.문충고파 고씨 후손들은 전북특별자치도 옥구군 옥산면의 염의원과 이곳 만화서원에서 공을 주벽으로 모시고 매년 제향을 올리고 있다. 만화서원은 고려 후기의 제주고씨 고경과 고용현의 충신으로서의 성격을 파악하는 데 중요한 자료이다.",전북특별자치도 고창군 신림면 만화길 50 ,"['#고창여행', '#관광지', '#문화재', '#서원', '#역사', '#역사공부', '#역사관광지', '#역사를품은곳', '#역사문화재', '#역사속', '#역사속으로', '#역사유적', '#역사유적지', '#역사이야기', '#역사탐방', '#역사탐험']"
고창선사문화탐방로3,"고창 생태문화탐방로는 유네스코 생물권보전지역으로 지정된 고창군 전체를 돌아볼 수 있다. 내륙습지인 운곡습지와 연안습지인 고창 갯벌습지가 있어 다양한 생물이 살아가는 생태계와 아름다운 자연경관의 가치를 느낄 수 있다. 이밖에도 고창읍성, 유네스코 세계문화유산에 등재된 고창 고인돌유적지를 탐방할 수 있다.* 문의 : 063-560-2876* 개장일 : 고인돌 박물관 운영시간 - 하절기 (3~10월) 09:00~18:00 / 동절기 (11~2월) 09:00~17:00 * 휴무일 : 고인돌 박물관 - (매년 1월 1일, 매주 월요일, 기타 고창군수가 정하는 휴관일) * 관련 홈페이지 : http://www.eco-tour.kr◎이용안내- 이용요금 : 시설 이용료 상이- 화장실 : 있음 (남녀구분)- 장애인 편의시설 : 장애인 화장실 있음 (남녀구분), 장애인 주차장 있음 (30여 대)- 주차시설 : 일반 100여 대, 대형 50여 대 주차가능",전북특별자치도 고창군 고창읍 고인돌공원길 75 ,"['#걷기길', '#고창갯벌습지', '#고창읍성', '#고창인돌유적지', '#관광지', '#생태관광', '#생태관광지', '#생태문화탐방로', '#역사유적지', '#운곡습지', '#체험학습']"
동림저수지,한국의 멸종위기종인 수달이 동림저수지와 인근 수계로 이동하며 먹이활동을 하는 서식지일 뿐만 아니라 가창오리 외 다수의 조류가 찾아들고 있는 저수지로써 보존가치가 매우 높다.* 문의 : 063-560-2882 * 관련 홈페이지 : http://www.gochang.go.kr/gcbr/index.gochang◎ 이용안내- 화장실 : 있음 (남녀구분)- 장애인 편의시설 : 없음- 주차시설 : 없음,전북특별자치도 고창군 성내면 신성리 ,"['#걷기길', '#겨울방학가볼만한곳', '#관광지', '#동림저수지', '#생태관광', '#생태관광지', '#전라권']"
고창선사문화탐방로2,"고창 생태문화탐방로는 유네스코 생물권보전지역으로 지정된 고창군 전체를 돌아볼 수 있다. 내륙습지인 운곡습지와 연안습지인 고창 갯벌습지가 있어 다양한 생물이 살아가는 생태계와 아름다운 자연경관의 가치를 느낄 수 있다. 이밖에도 고창읍성, 유네스코 세계문화유산에 등재된 고창 고인돌유적지를 탐방할 수 있다.* 문의 : 063-560-2875* 관련 홈페이지 : http://www.eco-tour.kr◎이용안내- 이용요금 : 시설 이용료 상이- 화장실 : 있음 (남녀구분)- 장애인 편의시설 : 없음- 주차시설 : 없음",전북특별자치도 고창군 고창읍 고인돌공원길 75 ,"['#걷기길', '#고창갯벌습지', '#고창읍성', '#고창읍성', '#고창인돌유적지', '#관광지', '#생태관광', '#생태관광지', '#역사유적지', '#운곡습지', '#유네스코세계문화유산', '#전라권', '#체험학습']"
고창선사문화탐방로1,"고창 생태문화탐방로는 유네스코 생물권보전지역으로 지정된 고창군 전체를 돌아볼 수 있다. 또한 내륙습지인 운곡습지와 연안습지인 고창 갯벌습지가 있어 다양한 생물이 살아가는 생태계와 아름다운 자연경관의 가치를 느낄 수 있다. 이밖에도 고창읍성, 유네스코 세계문화유산에 등재된 고창 고인돌유적지를 탐방할 수 있다.* 문의 : 063-560-2874* 개장일 : 고인돌 박물관 운영시간 - 하절기 (3~10월) 09:00~18:00 / 동절기 (11~2월) 09:00~17:00 * 휴무일 : 고인돌 박물관 - 매년 1월 1일, 매주 월요일, 기타 고창군수가 정하는 휴관일* 관련 홈페이지 : http://www.eco-tour.kr◎이용안내- 이용요금 : 시설별 이용 요금 다름- 화장실 : 있음 (남녀구분)- 장애인 편의시설 : 장애인 화장실 있음 (남녀구분), 장애인 주차장 있음 (20여 대)- 주차시설 : 일반 100여 대, 대형 30여 대 주차 가능",전북특별자치도 고창군 고창읍 고인돌공원길 74 ,"['#갯벌습지', '#걷기길', '#고인돌유적지', '#고창갯벌습지', '#고창고인돌유적지', '#고창읍성', '#관광지', '#생태관광', '#생태관광지', '#역사유적지', '#운곡습지', '#전라권', '#체험학습']"
선운산 생태숲,"선운산 생태숲은 고창군 아산면에 위치한 숲길로 선운산자락에 자리 잡고 있다. 생태숲에는 생태연못과 자연습지, 야생수목 학습공간, 자연탐방로, 잔디광장 등의 자연학습 및 휴식공간과 전국 8도를 상징하는 ‘팔도숲’도 들어서 있다. 총면적 53만㎡, 시설 면적 8만 6000㎡로 자생 수목 군락지, 소나무 군락지, 서어나무 군락지, 동백나무 군락지 등 선운산에서 자생하고 있는 고유 보호종들과 야생화를 둘러보고 생태숲 나무 사이에 세워진 조형물들도 함께 즐길 수 있다. 여름이면 나무데크길이 조성되어 있는 생태연못에 연꽃이 가득 피어나고 가을에는 꽃무릇으로 생태숲은 온통 붉게 물든다. 동백꽃 군락지도 조성되어 있어 겨울에 방문해도 좋다. 선운산 생태숲에는 사람들을 잘 따르는 순한 고양이들이 숲과 꽃그늘 사이에 한가로이 잠을 청하고 그 모습이 보는 이로 하여금 미소 짓게 만든다. 선운산도립공원 내의 선운산 생태숲은 선운사와 산책길로 연결되어 자연을 즐기며 일상에서 휴식을 원하는 사람들에게 좋은 장소이다.",전북특별자치도 고창군 아산면 선운사로 158-6 (아산면),"['#고창산책명소', '#고창생태공원', '#고창선운산생태숲', '#고창자연체험', '#관광지', '#등산로', '#미식여행', '#사찰&산사', '#생태관광지', '#선운산', '#선운산꽃무릇', '#자연', '#자연좋은곳', '#전라권', '#천운산생태숲', '#휴식공간', '#휴식하기좋은곳', '#힐링여행']"
고창판소리박물관,"고창시외버스터미널에서 500m 거리에 위치한 고창판소리박물관은 판소리의 이론가이자 개작자, 후원가였던 동리 신재효 및 진채선, 김소희 등 다수의 명창을 기념하고 판소리 전통을 계승 발전시키기 위하여 동리 신재효의 고택 자리에 설립되었다. 고택은 현재 사랑채만 유일하게 복원되어 있으며 중요민속자료로 지정되어 보존되고 있다. 고창판소리박물관은 로비에 들어서면 멋마당이 보이고 중정을 중심으로 오른쪽은 전시실, 왼쪽은 학예연구실과 전시실로 올라가는 계단이 있다. 원형 전시실 [명예의 전당]에는 명창들의 사진패널들이 전시되어 있고, 소리마당에는 판소리의 예술세계를 인식하고 재구성해 보는 곳이다. 동리 신재효와 고창의 소리꾼들을 조명하는 아니리마당, 디지털 영상을 통해 판소리를 경험해 보는 혼마당으로 조성되어 있다. 이러한 전시 활동을 통해 판소리의 유형, 무형의 자료를 수집·보존·조사·연구·전시·해석함으로써 일반 대중에게 판소리 예술의 재교육과 감상의 기회를 제공함으로써 그 역할을 충실히 이행하고 있는 문화시설인 것이다.",전북특별자치도 고창군 고창읍 동리로 100 ,"['#고창가볼만한곳', '#고창박물관', '#고창여행', '#고창판소리박물관', '#고창판소리의명가', '#기차여행', '#문화관광해설사', '#문화시설', '#신재효판소리공원', '#실내여행지', '#아이와함께', '#이색체험', '#전통역사문화체험', '#판소리']"
선운산호텔,선운산호텔은 200여 명이 동시에 식사할 수 있는 한식당과 대연회장 및 소연회장을 비롯한 각종 시설을 구비하고 있다. 특히 98년에 세계 고인돌 학술세미나를 저희 호텔에서 개최함으로써 국제 학술세미나의 성공에 일조한 바 있다.,전북특별자치도 고창군 아산면 중촌길 21 ,"['#고창숙소', '#숙박']"
고창 선운산 유스호스텔,"고창 선운산 유스호스텔은 선운사 입구에 위치하여 사계절 선운산의 관광을 즐길 수 있으며 한적하고 공기가 맑다. 약 250여 명이 숙박이 가능한 53개의 객실을 보유하고 있으며 식당, 대강당, 세미나실, 회의실 등을 갖추고 있어 학생수련활동, 수학여행, 기업연수, 대학교 MT 및 OT로 활용이 가능한 최적의 숙박시설이자 가족 여행의 숙소로도 안성맞춤이다. 선운사 유스호스텔은 리모델링 작업을 통해 오래된 시설을 보완해 가고 있으며, 요즘의 현대적인 세련된 맛은 없지만 외적인 것을 대신하는 유스호스텔 직원들의 친절함이 그 모든 것을 잊게 해 준다. 물론, 시설은 깨끗이 유지되고 있으며 쾌적하고 편리하다. 그리고 무엇보다도 뛰어난 가성비가 이곳을 선택하게 만든다.",전북특별자치도 고창군 아산면 선운사로 158-36 ,"['#고창숙소', '#고창유스호스텔', '#선운산', '#선운산숙소', '#선운산유스호스텔', '#숙박', '#유스호스텔']"
고산,"대산면, 성송면에 걸쳐 있는 고산은 해발 527m의 산이다. 고산은 높지는 않지만 주변 평야에 솟아 있어서 1,000m 높이의 다른 산들과 비교해도 뒤지지 않을 정도이다. 산 정상에선 주변 경치를 한눈에 바라 볼 수 있고 울창한 송림과 여러 기암괴석이 산행하는 이의 눈을 즐겁게 한다. 고산에는 용추굴, 각시봉, 깃대봉, 매바위, 용두암, 거북바위, 촛대봉, 치마바위 등의 전설이 전해 내려오고 있고 복분자 산딸기 평전과 늪지대 등 자연생태가 잘 보존되어 있다. 고산에는 선사시대의 고인돌이 수백여기 있으며, 후삼국시대에 쌓은 고산산성이 자리잡고 있다. 고산산성의 길이는 약 5,000m 정도이고 높이 5m인데 지형에 따라 다르며 자연을 이용한 토석 혼축성이다.축성 양식은 포곡형이고 석축의 공법은 내탁법을 써서 외면은 석축으로 쌓고 내면은 흙과 잡석으로 다져서 축성 하였다. 외면은 자연석을 수직 혹은 물림 쌓기로 아랫돌에 비해 윗돌을 5~6cm씩 안으로 물려 쌓은 방식을 썼다.성문은 남문과 북문의 형태가 남아 있으나 동문과 서문은 찾아볼 수 없다. 문헌에는 산성의 둘레가 8,100척이고 내유3천이라는 기록이 있으며, 성내에는 용지와 서봉사, 수고암등이 있었음을 알 수 있다. 현재 산성의 형태는 600m 정도가 남아 있고 거의 도태된 상태이다.",전북특별자치도 고창군 대산면 ,"['#가족여행', '#고산', '#고창여행', '#관광지', '#산', '#산책하기좋은곳', '#자연', '#자연속으로', '#자연여행', '#자연좋은곳', '#자연풍경', '#자연환경', '#힐링산책', '#힐링여행']"
구시포마을,"구시포의 원래 이름은 새나리불영(새 바닷가의 불같이 일어날 마을)이었으나 일제강점기 시절 구시포로 바뀌었다. 아홉 개의 도시, 혹은 아홉 개의 저자를 먹여 살릴 마을이란 뜻이다. 이곳의 개펄은 서해안 개펄 중에서도 가장 광대한 규모를 자랑한다. 이웃한 동호해수욕장까지 치면 삼십 리의 바닷길이 폭 1km쯤의 개펄로 죽 이어졌으니 아홉 개의 저자가 충분히 들어설 만했다. 구시포는 길고 넓은 백사장과 울창한 송림을 끼고 있고 해변의 경사가 완만해서 가족 단위의 피서지로 제격이다.",전북특별자치도 고창군 상하면 구시포해변길 150 ,"['#관광지', '#숙박', '#자연']"
문수사(고창),"문수사는 고창과 전남 장성과의 경계를 이루고 있는 문수산(621m) 중턱에 자리 잡고 있다. 고수면 소재지에서 고수도요지를 지나 위로 올라가면 조산 저수지가 나오고, 왼쪽 골짜기를 타고 6km 정도 가면 문수사가 있다. 의자왕 3년(643)에 신라의 자장율사가 창건한 것으로 기록되어 있다. 신라의 자장이 당나라 청량산에서 수행을 하고 돌아오던 도중, 백제 영토인 이곳 문수산을 지나다가 청량산과 비슷하다 느껴 석굴에서 기도를 올렸고, 땅속에서 문수보살입상을 발견하고 이곳에 절을 지었다 전한다. 지방유형문화재 제51호 문수사 대웅전, 제52호 문수사 문수전, 제154호 문수사 부도, 제207호 목조삼세불상, 제208호 문수사 목조지장보살좌상이 있으며 기타 명부전, 한산전 등이 남아 있다. 천연기념물로 지정되어 있는 문수사 애기단풍나무숲은 일주문부터 문수사 입구까지 약 80m 구간에 식재되어 있다. 수령 100년에서 400년 된 애기단풍나무 500여 그루가 자생하고 있다. 가을이면 색색으로 물든 단풍이 완만한 곡선을 이루는 천년고찰 문수사 주변 산세와 어우러져 가을 정취를 만끽할 수 있는 명소이다.",전북특별자치도 고창군 고수면 칠성길 135 (고수면),"['#고창여행', '#관광지', '#단풍', '#단풍명소', '#불교', '#불교사찰', '#사찰', '#사찰여행', '#역사', '#자연속으로', '#자연좋은곳', '#자연환경', '#휴식공간', '#휴식여행', '#휴식하기', '#휴식하기좋은곳']"
신덕식당,"선운사 입구 삼거리에 위치하여 60년대 말부터 2대로 이어지고 있는 풍천 장어로 유명한 집이다. 장어는 스태미나 요리로 예로부터 보혈, 보신을 상징하는 강정식품으로 노약자나 어린이 간식은 물론 여성의 피부 미용에도 매우 좋은 식품이다.장어장도 장어를 고아 뽑아낸 기본 육수에 고추장과 갖은양념을 하고 몇 시간 푹 고아 내어 30여 년의 맛 비결이 담겨 있다. 초벌구이를 한 다음 간이 배도록 한 후 재벌구이로 구워서 내놓는 장어구이는 입안에 들어가면 입안에서 부드럽게 녹는다. 식사를 겸할 때는 밥과 함께 구수한 된장찌개와 곰삭은 젓갈이 나온다.",전북특별자치도 고창군 아산면 선운사로 8 ,"['#30년_전통', '#맛집', '#음식', '#장어구이']"
인천가든,"믿고 먹을 수 있는 음식을 제공하기 위해 애쓰고 있는 곳으로 아산면 삼거리에서 선운사 방향으로 3~4km 지점에 위치해 있다. 30년이란 오랜 세월 동안 한결같은 마음으로 음식을 만들어 온 맛집으로 운곡호의 맑은 물에서 잡은 민물새우와 직접 기른 각종 유기농 채소를 넣어 만든 깔끔하고 담백한 민물새우 매운탕이 이 집의 별미다. 또한 얼큰하고 쌉쌀한 메기매운탕과 감칠맛 나는 송사리매운탕도 이 집만의 별미다. 화학조미료를 사용하지 않으며, 각종 장류와 젓갈은 직접 담그는 등 정성이 깃든 음식을 제공하고 있다.",전북특별자치도 고창군 아산면 원평길 9 ,"['#고창맛집', '#담백한_맛', '#맛집', '#매운탕', '#메기탕', '#새우탕', '#송사리탕', '#음식', '#친환경_농산물정성가득', '#해물탕']"
정자나무횟집,정자나무 횟집은 해산물을 전문으로 취급하는 음식점이다. 전북특별자치도 고창군 구시포 해수욕장 인근에 위치하여 해변 관광 후 즐길 수 있는 맛집이다. 대표 메뉴로 농어와 광어 회뿐만 아니라 특유의 쭈꾸미 요리에 미식가들이 장사진을 이룬다.제철 쭈꾸미를 맛보기 위해 봄과 가을에 방문하는 것을 추천한다.,전북특별자치도 고창군 상하면 구시포해변길 135 ,"['#맛집', '#아나고', '#음식', '#쭈꾸미볶음', '#활어회']"
황소식당,선운산 입구에 있는 황소식당은 주 메뉴인 풍천 장어구이가 유명한 집이다. 풍천장어는 물론이고 콩나물국밥도 판매하고 있다.,전북특별자치도 고창군 아산면 중촌길 15 ,"['#고창군', '#맛집', '#음식', '#풍천장어']"
군산아구찜,고창의 군산아구찜은 주문 즉시 만들어 주는 요리이기 때문에 15분 정도 걸린다. 군산아구찜은 주 메뉴는 물론 갈비탕도 준비되어있다. 정돈이 잘 되어 있는 넓은 홀을 가지고 있다.,전북특별자치도 고창군 고창읍 성산2길 41 ,"['#갈비탕', '#고창군', '#맛집', '#아구찜', '#아구찜', '#음식']"
고향식당,"3대째 맛을 이어오고 있는 전통 장어구이 전문식당으로 현지인이 추천하는 고창의 맛집이다. 풍천장어구이가 주메뉴인 고향식당은 순수 국내산 풍천장어를 엄선하여 30여 가지의 생과일과 한약재로 24시간 동안 정성껏 우려낸 소스를 발라 장어의 특유의 육즙과 맛을 유지하고 있다. 풍천장어는 강물과 바닷물이 어우리는 곳이면 어디서든지 구경할 수 있는 뱀장어의 일종이지만 선운산의 풍천장어는 그 맛이 더욱 담백하고 구수하다. 장어구이뿐만 아니라 산채비빔밥, 도토리묵 등 메뉴가 다양해서 장어를 먹지 않는 사람들도 맛있는 한 끼를 즐길 수 있다. 정갈하고 맛깔스러운 반찬들은 텃밭에서 직접 재배한 재료로 만들어 제공되고 있다.",전북특별자치도 고창군 아산면 중촌길 20-3 ,"['#고창맛집', '#더덕구이', '#도토리묵담백한_맛', '#맛집', '#비빔밥', '#산채돌솥비빔밥', '#선운산맛집', '#음식', '#풍천장어', '#풍천장어구이']"
선운사 산장회관,28년 넘게 운영해 온 장어구이 전문점으로 순수한 한국음식의 맛을 느낄 수 있는 곳이다. 전라도의 음식맛을 즐기며 정면으로 보이는 산세의 웅장함 또한 느낄 수 있다. 전라북도 향토음식 지정점인 모범업소이다. (전라북도 지정  향토전통음식점),전북특별자치도 고창군 아산면 중촌길 20-5 ,"['#고창군', '#맛집', '#생선요리', '#음식', '#장어구이', '#해물요리']"
고창옹기,"고창옹기는 6대째 가업을 이어오는 무공해 전통옹기로 500년 전부터 옹기(항아리) 마을로 널리 알려진 전북 고수면 자암리에 일찌감치 자리 잡고 있다. 옛날에는 온 마을이 옹기 생산을 하였으나, 산업화에 밀려 지금은 고창옹기만이 그 명맥을 유지하며 무공해 전통옹기 제작품을 만들고 있으며, 옛 가마터를 원형 그대로 보존하고 있다. 급속한 현대화와 더불어 우리에게 닥친 여러 산업공해 속에서 신음하는 현대인의 삶에 활력을 불어넣기 위하여 솔잎재와 약토를 1:1로 배합하여 무공해 유약을 직접 만들어 100% 살아 숨 쉬는 옹기(항아리)를 만들고 있고, 1년에 수차례에 걸쳐 국가공인 보건환경연구원에 중금속 함유 여부를 검사하고 있으며, 조상들이 써왔던 전통적인 방법으로 흙을 직접 수배해서 제품을 생산하고 있다. 근래에는 젓갈이나 간장, 된장, 고추장, 김치 등 발효음식을 담을 수 있는 용기나 건강에 좋은 복분자주, 매실주, 솔잎주, 진액 등을 담는 용기로 각광을 받고 있다.",전북특별자치도 고창군 고수면 장암길 20 ,"['#쇼핑', '#옹기', '#용기', '#항아리']"
고창 자수,"고창 전통자수 전시 판매장에서는 우리 고유의 전통공예품, 민속공예, 선물용품 등을 판매하고 있으며 전통자수전시 및 공방이 있다. 고창의 전통자수와 전통매듭을 체험하고 배울 수 있는데, 기초부터 단계별로 준비되어 있어 각자가 원하는 대로 체험이 가능하다. 매주 일요일은 휴무이다. 단체일 경우에는 사전에 예약을 하는 것이 좋다.",전북특별자치도 고창군 고창읍 동리로 120 ,"['#고창전통자수전시판매장', '#기념품판매', '#쇼핑', '#전라권']"
"해리장 (4, 9일)","해리시장은 고창군에서 가장 오래된 전통시장이다. 조선시대 때부터 장이 서던 곳으로, 200여 년 전통을 가지고 있다. 127개의 점포를 갖추고 있는 전형적인 시골장터로써 주민들이 주로 수산물, 농산물 및 생활용품을 판매 구입하는 역할을 하는 5일 시장이다. 매월 4, 9, 14, 19, 24, 29일에 장을 선다.",전북특별자치도 고창군 해리면 남시길 16-1 ,"['#가족여행', '#기차여행', '#나들이', '#나홀로여행', '#먹거리', '#쇼핑', '#시장맛집', '#아이와함께', '#연인과함께', '#오일장', '#전라권', '#전통시장', '#전통시장투어', '#친구와함께', '#해리장']"
장호갯벌체험장,"유네스코 세계자연유산으로 선정된 장호갯벌의 장호갯벌체험장은 매년 1만명 이상의 방문객이 찾아오시는 고창 장호어촌체험마을에서 관리한다. 장호갯벌은 4km가 넘는 명사십리 백사장의 환상적인 경관이 탄성을 자아내게 한다. 깨끗하고 맑은 고창 앞바다는 해수욕과 갯벌 체험 두 가지 모두가 가능하다. 낭만으로 가득한 해질녘의 바다노을 역시 최고의 관광 포인트이다.전세계에서 인정받은 고창갯벌은 천혜의 자연학습장으로 고창갯벌체험장에서는 단단하고 깨끗한 갯벌에서 조개캐기, 후릿그물체험, 해변승마체험을 할 수 있다. 2016년 삼시세끼 고창편에서도 소개되었던 장호 갯벌은 동죽과 노랑조개로 가득해 사계절 항시 체험이 가능하다.또한, 장호어촌체험마을에는 샤워시설, 숙박시설, 교육관, 장호갯벌체험학습관 등의 시설을 운영한다.근처에 글램핑, 동물농장, 수영장이 갖추어진 상하농원이 있다.",063-562-9390 063-562-9390 http://www.고창장호어촌체험마을.kr 전북특별자치도 고창군 명사십리로 282-42 사전확인 후 방문(물때에 따라 다름) 사전확인 후 방문(물때에 따라 다름) 보유 (무료) 조개캐기/후릿그물/체험해변승마체험 전연령 더보기,"#관광지, #장성가볼만한곳, #장성수상레져, #장성여행, #장성워터파크, #전라남도여행, #전라남도여행지추천"
도솔계곡(선운산),"호남지역에서 단풍이 유명한 지역으로 내장산과 고창일대를 꼽는다. 특히 고창 선운산 일대의 도솔계곡은 1년 중 붉은 꽃이 3번 핀다고 한다. 봄에는 천연기념물로 지정되어 있는 동백나무숲이 그 붉은 색을 뽐내고, 이른 가을에는 꽃무릇이 피고, 꽃무릇이 지고나면 바로 단풍이 그 화려한 자태를 선보인다. 선운사에서 도솔암으로 도솔천을 따라가며 가을을 붉게 물들인 단풍, 겨울엔 하얀 설경이 유명하다. 2009년 명승으로 지정된 도솔계곡 일원은 사계절 아름답다.호남의 내금강으로 불리우는 선운산은 일명 도솔산이라고도 한다. 명승 고찰 선운사를 품에 안은 선운산은 숲이 울창하고 기암괴석이 많으며, 계곡을 따라 진흥굴, 용문굴, 낙조대, 천마봉과 같은 절경이 곳곳에 흩어져 있다. 선운사관광지 주차장 앞에 계곡에는 천연기념물 송악이 있고, 선운사에서 도솔암을 따라 올라가다 보면 진흥굴 옆에 천연기념물 장사송이 자리하고 있다. 선운사 대웅전 뒤편의 동백숲은 천연기념물로 지정되어 있다.",선운산도립공원 관리소 063-560-8681선운산도립공원 문화관광안내소 063-560-8687 선운산도립공원 관리소 063-560-8681선운산도립공원 문화관광안내소 063-560-8687 고창 문화관광https://tour.gochang.go.kr/ 전북특별자치도 고창군 아산면 선운사로 250 일출~일몰시까지 연중무휴 가능 더보기,"#가족여행, #고창여행, #관광지, #도솔계곡, #문화관광해설사, #선운산, #여름가볼만한곳, #여름여행, #자연"
고창하전갯벌마을,"심원면 하전 갯벌마을은 아름다운 어촌 100개 마을로 선정된 곳이다. 10km의 해안선과 1200Ha에 이르는 광활한 갯벌이 펼쳐진 마을로 연간 4천톤의 바지락을 생산하는 전국 최대 바지락 생산지이다. 지역 특산품인 바지락 외에 꽃게, 골뱅이, 소라잡기 체험 등이 이루어지고 있으며 일반형, 가족형, 단체형, 숙박형 프로그램이 있다. 하전마을은 갯벌의 산 교육장으로 전국적인 웰빙 갯벌생태 체험학습장으로 유명한 여행지이다.하전마을의 자랑거리인 바지락을 비롯하여 장어, 왕새우, 굴, 숭어, 지주식 황토김 등의 해산물을 산지에서 직거래로 구입할 수 있다. 이 외에도 마을안에서 숙박이 가능하며,  4월에서 10월까지 갯벌체험 가능하고 갯벌체험 안내센터 앞에는 외부 관광객들을 위한 넓은 주차장과 갯벌에서 각종 체험 후 말끔히 씻을 수 있는 세족장이 갖추어져 있고, 식당, 샤워장 등의 각종 편의시설과 응급상황을 대비한 구급약품 세트 등을 갖추고 있다.주변 가볼 만한 곳으로 선운사, 고창읍성, 상아농원 등이 있다.","063-563-0117 063-563-0117 http://www.xn--hz2b11tl8a4vq5ocpar87bn3a.kr/ 전북특별자치도 고창군 심원면 서전길 30 저조 3~4시간 전 ( 물때 참조 ) 11월~3월 / 갯벌체험 : 매주 월요일 휴관 있음 (100대) 갯벌체험 4월~10월 [갯벌체험]- 개인 : 성인 12,000원 / 학생 (초,중,고) 8,000원 / 영유아 6,000원- 단체 : 성인 10,000원 / 청소년 7,000원 / 어린이: 5,000원 정보화마을센터 경사로로 접근 가능함_무장애 편의시설 갯벌장까지 경사로 및 차량접근이 가능 더보기","#가족여행, #갯벌체험, #관광지, #이색체험, #전라권, #체험, #체험학습"
안현돋음볕마을,"부안면 송현리에 위치한 안현마을은 앞으로는 도립공원 선운사가 인접해 있고, 마을 사이로 난 담벼락에는 국화 그림과 함께 서정주의 시 「국화 옆에서」가 쓰여 있고, 마을 주변으로 미당 서정주 시인의 생가가 있으며 미당시문학관이 자리를 잡고 있다. 가을이면 노란 소국이 마을 능선을 따라 만개하여 피어있는 곳이다. 어느 농촌에서나 볼 수 있는 농어촌 마을로 주로 안현마을 사람들은 농업에 종사하고, 가을철에는 국화꽃으로 농가소득 증대에 힘쓰고 겨울철에는 청국장과 메주로 농가소득에 힘쓰고 있어 풍성하고 넉넉한 시골 인심이 그대로 살아 움직이고 있는 마을이다.주변 관광지로 인촌 선생 생가와 소요사가 있어 함께 둘러보는 것도 좋다.",063-560-8511(부안면사무소) 063-560-8511(부안면사무소) http://gochang.grandculture.net/gochang 전북특별자치도 고창군 부안면 안현길 14 연중개방 가능요금(무료) 더보기,"#가족여행, #가족힐링, #고창여행, #관광지, #농촌, #미당서정주, #서정주, #아이와함께, #자연마을, #자연좋은곳, #자연환경"
석상암(고창),"석상암은 선운사와 함께 백제 시대에 창건된 기록이 전하며, 이후 1665년(현종 6)에 승려 학철이 중창한 선운사의 산내 암자로 승려들의 수행 장소이다. 선운산에 위치해 있으며 절 이름은 절의 서쪽 30m 지점의 평상처럼 생긴 넓은 바위에서 유래하였다. 법당은 최근 건물로서 옥돌의 관세음보살좌상을 봉안하였고, 보살상 뒤에는 1765년(영조 30)에 조성된 후불탱화를 중심으로 같은 해에 조성한 칠성탱화, 지장탱화, 신중탱화 등이 좌우에 있다. 현재는 법당과 칠성각만이 남이 있으며, 주변 네 곳에 건물 터가 있는 점으로 미루어 본래는 규모가 큰 사찰이었음을 알 수 있다. 크고 웅장한 규모가 잘 갖춰진 본사 선운사와 달리 작지만 아담하고 담박한 정취가 물씬 풍기는 암자이다. 석상암은 자랑할 만한 큰 전각이나 국보급 불상은 없지만 암자 주위의 자연환경이나 그 공간이 주는 느낌이 매력적인 곳이다.",063-560-8554 063-560-8554 http://gochang.grandculture.net/gochang 전북특별자치도 고창군 아산면 선운사로 250 상시개방 연중무휴 가능 (선운산도립공원 공영주차장)요금 (무료) 무료 더보기,"#고창여행, #관광지, #불교, #불교문화, #사찰, #사찰여행, #선운산, #선운산도립공원, #역사, #자연속으로, #자연환경, #전통사찰, #한국불교, #휴식공간, #휴식여행, #휴식하기, #휴식하기좋은곳"
만화서원,"제주고씨 고인상이 선조 문충공 고경을 주벽으로, 문영공 고용현과 화당 고만욱을 추배하기 위해 건립한 서원이다. 고창군 신림면 무림리 만화마을에 위치해 있다. 문충공파 파조 고경은 고려말의 문신으로 호는 휴옹, 시호은 문충 또는 문영으로 이부상서 백연의 아들로 다섯 살에 시를 지었고 열두 살에 논어를 외우니 당시에 옥산의 신동이라 하였다. 충렬왕 18년(1292) 16세에 친명으로 문과에 급제하여 벼슬길에 올랐다. 목은 이색, 포은 정몽주, 야은 길재 등이 공을 스스의 예로 존경하고 충효가 동방의 으뜸이 된다 하였다. 또한, 고용현은 고려 후기의 충신이며 고만욱은 고인상의 부친으로, 부모상을 당했을 때 예를 극진히 하였다고 한다. 만화서원의 사당은 3칸, 강당은 4칸으로 모두 팔작지붕이며 동재는 4칸, 서재는 3칸이다. 그 외에 외삼문 1동이 있다. 문충고파 고씨 후손들은 전라북도 옥구군 옥산면의 염의원과 이곳 만화서원에서 공을 주벽으로 모시고 매년 제향을 올리고 있다. 만화서원은 고려 후기의 제주고씨 고경과 고용현의 충신으로서의 성격을 파악하는 데 중요한 자료이다.",063-560-8554 063-560-8554 http://gochang.grandculture.net/gochang 전북특별자치도 고창군 신림면 만화길 50 상시개방 연중무휴 무료 더보기,"#고창여행, #관광지, #문화재, #서원, #역사, #역사공부, #역사관광지, #역사를품은곳, #역사문화재, #역사속, #역사속으로, #역사유적, #역사유적지, #역사이야기, #역사탐방, #역사탐험"
용화사(고창),용화사는 대산면 연화마을 뒤편 야트막한 구릉에 자리한 한국불교태고종 사찰로 1950년에 세워졌다. 비교적 최근에 지어진 근현대 사찰이지만 꿈속에서 ‘산속에 내가 묻혀 있으니 나를 모셔다 절을 지으라’는 현몽을 통해 용화사를 건립했다고 한다. 용화사 미륵전에는 전라북도문화재자료로 지정된 용호사 미륵석불입상(미륵여래입상)이 본존으로 봉안되어 있다. 용화사 미륵석불입상은 얼굴이 크고 신체표현이 섬세하지 않은 고려시대 이후 거불의 전통을 계승한 조선시대 불상이다.2001년 개축한 정면 3칸·측면 2칸의 대웅전에 주존불인 석가여래좌상과 협시보살인 세지보살·관음보살 그리고 지장보살좌상이 있다.,063-562-8531 063-562-8531 http://gochang.grandculture.net/gochang 전북특별자치도 고창군 대산면 연화길 88-56 연중무휴 가능 (주차공간 협소) 더보기,"#고창여행, #관광지, #불교, #불교문화, #사찰, #사찰여행, #자연속으로, #자연환경, #전통사찰, #한국불교, #휴식공간, #휴식여행, #휴식하기, #휴식하기좋은곳"
보리나라 학원농장,"15만 평 넓은 들녘을 보리밭 하나로 일궈놓은 보기 드문 대농원이다. 봄에는 국내 최대 규모의 보리밭을, 가을에는 메밀밭을 만나볼 수 있다. 농장이 관광농원으로 인가되고, 이와 같은 볼거리가 세상에 알려지면서 많은 관광객과 사진작가들이 찾고 있는 관광지로 자리 잡게 되었으며, 다양한 드라마, 영화, CF 등의 촬영지로도 주목받게 되었다. 이에 따라 학원농장은 경관 농업에 전념하며, 더욱 아름다운 풍경을 제공하기 위해 노력하고 있다.또한 학원농장의 주 생산물인 보리와 메밀이 가장 아름답게 피어나는 시기에는 청보리밭 축제, 메밀꽃 축제 등 다양한 축제와 이벤트를 개최하고 있으며, 농장을 찾는 관광객을 위하여 보리와 메밀을 원재료로 하는 다양한 음식을 판매하는 식당, 차·음료·간식 등을 판매하는 매점 및 가공 농산물 판매장, 숙박시설 등 다양한 부대시설을 운영하고 있다.",학원농장 063-564-9897 학원농장 063-564-9897 보리나라 학원농장http://www.borinara.co.kr 전북특별자치도 고창군 공음면 학원농장길 158-6 - 산책로 일출~일몰 시- 식당/카페 09:00~18:30 (라스트오더 17:20) 연중무휴 가능 고창 청보리밭축제 / 여름가을꽃잔치 등 장애인전용 주차구역 있음_무장애 편의정보 경사로 있음 주출입구 무단차이동통로 넓음 더보기,"#2024_여행가는달과함께하는_발도장여행지, #가볼래터, #가족여행, #고창드라마촬영지, #고창여행, #관광지, #나들이, #데이트코스, #드라마촬영지, #산업관광, #산업관광지, #아이와함께, #여행구독, #연인과함께, #이색체험, #자연좋은곳, #체험, #체험학습, #친구와함께, #휴식공간, #휴식여행, #휴식하기, #휴식하기좋은곳, #힐링"
"고창장 (3, 8일)","고창읍내장이 언제부터 열렸는지 명확하지는 않지만, 『동국문헌비고』에 고창읍내장은 3일과 8일에 열린다라고 기록되어 있어 1770년대 이전부터 5일 장이 열렸다는 것을 알 수 있다. 현재 상설시장과 5일 장을 함께 운영하고 있다.조선 말기 고창 읍내장은 동부시장과 서부시장으로 나뉘어 열렸다. 고창읍성을 기준으로 북서쪽이 서부시장이고, 북동쪽이 동부시장으로 불렸다. 한국전쟁이 끝난 뒤 동부시장이 서부시장(고창전통시장)에 합쳐져 현재는 한 곳만 운영하고 있다. 읍내를 가로지르는 고창천을 사이에 두고 길게 펼쳐지는 장터는 채소전을 비롯하여 가축전, 어물전, 잡화전, 과일전 등으로 나뉘어 열리고 있다. 고창장은 한때 전북 서북부 지방의 대표적 장터로 손꼽힐 만큼 규모가 컸으나 지금은 거의 옛 모습을 찾아보기 힘들 정도로 현대화되어 다소 아쉬움을 남긴다",063-560-2356(고창군청 소상공인육성팀) 063-560-2356(고창군청 소상공인육성팀) 전북특별자치도 고창군 고창읍 동산5길 24 (고창읍) 06:00~21:00(업체별 상이) 상설시장 연중무휴 가능 (무료) 783평 고창무/ 땅콩 / 배 / 청결미 / 고창수박 더보기,"#가족여행, #고창시장, #고창여행, #나들이, #나홀로여행, #먹거리, #쇼핑, #아이와함께, #연인과함께, #오일장, #전통시장, #전통시장투어, #친구와함께"
뚜라조각공원,"뚜라조각공원은 홍익대학교 미술대학 조소과를 나온 조각가 부부 김용태, 이소훈이 건립한 공원으로 뚜라 라는 명칭은 이탈리아어로 조각을 뜻하는 스쿨 뚜라의 이태리식 표현에서 따온 것이다조각가 김용태는 독자적이고 주체적인 길을 찾아 나서던 중 고향인 고창읍 죽림리 당촌마을의 지역 주민과 함께 미술 활동을 공유하기 위하여 2000년에 고향인 고창으로 돌아와서, 뚜라조각공원을 건립하게 되었다. 총면적은 4,000㎡로 잔디밭에 있는 조각들을 감상할 수 있는 산책로와 김용태, 이소훈 부부의 조각 작품을 전시한 조각 갤러리, 그리고 미술 교육을 위한 작업장과 가마가 설치되어 있다. 잔디밭과 풀밭 곳곳에 설치되어 있는 크고 작은 조형물들은 철재, 석재, 흙 등 다양한 소재로 만들어져 있으며, 해학과 풍자가 흐르는 작품도 간혹 보이지만 대개는 고뇌하는 인물 군상을 표현하는 작품들이다. 어린이와 일반인을 대상으로 한 토기 굽기 등의 미술 체험 프로그램도 운영되고 있다.",063-561-2264 063-561-2264 https://tour.jb.go.kr 전북특별자치도 고창군 고창읍 죽림리 86-5 09:00~19:00 연중무휴 가능요금(무료) 더보기,"#고창공원, #고창여행, #공원, #관광지, #도자기체험, #조각공원, #체험학습"
고창문화의전당,"고창문화의 전당이 건립된 2008년 12월 5일 이전까지 고창군의 문화 행사와 관련된 대표적인 전시·공연장은 1988년 착공하여 1990년 완공된 동리국악당이었다. 그러나 동리국악당은 총 500석 수용 규모에다 작은 무대로 인해 수준 높은 공연물을 유치하기에 부족함이 많았고 시간이 흐를수록 일반 기념 행사장 용도로 주로 사용되었다. 이에 갈수록 커져가는 고창군민들의 문화에 대한 욕구를 충족시킬 수 있는 새로운 시설이 필요하게 되었고 최첨단 장비를 갖춘 625석 규모의 복합 문화 공간인 고창문화의 전당이 건립될 수 있었다.고창문화의 전당은 고창군의 전통문화와 예술을 계승하고 풍요롭게 만들 수 있는 문화 예술 창작 활동의 장소를 제공하여 군민들이 다양한 문화 예술을 향유할 수 있도록 함과 더불어 고창 지역 문화 발전에 기여하기 위해 건립되었다. 고창농악의 [소고]와 [12발 상모]를 형상화한 건물외형으로 연간 100회 이상 공연, 전시, 영화가 이루어지고 있으며 연간 6만여 명의 관람객이 방문하는 곳이다.","063-560-8041~2 063-560-8041~2 https://www.gochang.go.kr 전북특별자치도 고창군 고창읍 모양성로 11 [공연장]- 08:00~22:00- 08:00~12:00 / 13:00~17:00 / 18:00~22:00[전시실]- 09:00~22:00 공연에 따라 상이 가능요금(무료) 공연에 따라 상이 건축면적 3942㎡ 정기회원(회원증 확인시) 에 한하여 20% 할인 주출입구에 경사로가 완만하게 설치되어 있음 관람석 내 장애인 전용 좌석 있음 (8석)- 다열 맨 뒷줄 4석, 가열 맨 뒷줄 4석 더보기","#고창여행, #데이트코스, #문화공간, #문화시설, #문화행사, #사계절, #상설공연, #아이와함께, #연인과함께, #음악회, #휴식공간, #휴식여행, #휴식하기, #휴식하기좋은곳"
선운산 낙조대,낙조대는 선운산도립공원 내에 위치한 곳이다. 낙조대는 해발 335m 밖에 안되지만 눈앞의 도천저수지와 칠산 앞바다와 곰소만 등이 한눈에 들어온다. 특히 선운산의 낙조대는 접근하기가 쉬워 온 가족이 함께 서해로 떨어지는 장엄한 낙조의 장관을 만끽할 수 있다. 선운산 낙조대에서 보는 일몰은 주변의 저수지와 능선이 어울려 일대 장관이다. 하늘과 바다가 한 빛으로 붉게 물들어 태양이 바닷물 속으로 빠져드는 황홀한 경치를 볼 수 있다.,"선운산도립공원 관리소 063-560-8681선운산도립공원 문화관광안내소 063-560-8687 선운산도립공원 관리소 063-560-8681선운산도립공원 문화관광안내소 063-560-8687 https://tour.gochang.go.kr/ 전북특별자치도 고창군 아산면 선운사로 158-6 하절기 08:00~19:00동절기 08:30~17:00 연중무휴 가능요금(무료) - 일반 3,000원- 청소년, 군인 2,000원- 어린이 1,000원 더보기","#가족과함께, #고창여행, #관광지, #낙조, #낙조명소, #일몰명소, #자연, #풍경좋은곳"
천마봉,"아산면 삼인리에 있는 선운산 천마봉은 도솔암 남쪽에 자리 잡은 봉우리이다. 기상이 준엄하여 장군봉이라고도 한다. 진흥굴을 지나 도솔암 입구에 도착하면 하늘을 찌를 듯한 절벽이 나오는데 이곳이 바로 천마봉이다. 천마봉에 서면 서해바다가 한눈에 들어오고 도솔천의 비경이 발아래 내려다보이며 선운사 안쪽 풍경이 한눈에 들어온다. 또한, 이곳은 아름다운 일몰을 감상할 수도 있는 곳이기도 하다. 천마봉은 말이 하늘을 뛰어오르는 형상을 지녔다고 해서 나온 말로 인접한 낙조대와 함께 가장 많이 다녀가는 관광명소 중 하나이다.천마봉은 수리봉과 함께 선운산의 유명한 산행 코스로 길이는 10km가 넘는다. 거리가 꽤 긴 산행코스이지만 고도가 높지 않고 경사도 가파르지 않아 어렵지 않게 완주할 수 있는 코스이기도 하다. 산운사 원점 회귀 기준으로 천마봉와 낙조대를 둘러보는 것은 선운산과 천마봉이 선사하는 비경을 온전히 내 것으로 만드는 경험이 될 것이다.",063-563-3450 063-563-3450 https://tour.gochang.go.kr 전북특별자치도 고창군 아산면 삼인리 08:00~19:00※ 자세한 사항은 전화문의 연중무휴 가능 무료 더보기,"#고창여행, #관광지, #낙조, #낙조명소, #등산, #산, #선운산, #선운산도립공원, #자연, #자연여행, #자연좋은곳, #자연풍경, #자연환경, #전망좋은곳, #풍경좋은곳"
선운사 백파율사비,"백파율사의 업적을 기리기 위해 조성한 이 비석은 선운사 입구로 들어서서 오른쪽 숲 속의 부도 밭에 세워져 있다. 조선 철종 9년(1858)에 건립한 것으로 비명(碑銘)은 조선시대의 대명필가인 추사(秋史) 김정희(金正喜)의 필적이다. 조선조의 억불정책에도 불구하고 오랜 침체기를 헤치며 조선후기 불교의 참신한 종풍(宗風)을 일으킨 화엄종주(華嚴宗主) 백파율사의 업적이 적혀 있는 이 비석은, 네모난 받침 위에 몸통을 세우고 지붕돌을 씌운 모습으로 되어 있다.","063-561-1422 063-561-1422 http://www.seonunsa.org 전북특별자치도 고창군 아산면 선운사로 250 (아산면) 06:00~19:00 연중무휴 가능요금 (2,000원) 전북특별자치도 유형문화유산 선운사백파율사비  (1986.09.09 지정) 무료 더보기","#고창여행, #관광지, #역사, #역사공부, #역사관광지, #역사를품은곳, #역사문화재, #역사속, #역사속으로, #역사여행, #역사유적지, #역사이야기, #역사탐험, #전북특별자치도유형문화재"
진흥굴,"신라 제24대 진흥왕은 어린 시절부터 불교에 뜻을 두었다가 말년, 왕위를 물려주고 선운사로 와서 승려가 되었는데, 진흥왕이 맨 먼저 찾아온 곳은 지금 선운산의 사자암 앞에 있는 석굴로서 좌변굴이라 불리는 곳이었다. 후세에 이 굴의 명칭을 진흥굴이라 고친 것은 진흥왕이 친히 거처하며 수도하였기 때문이라는 것이다. 진흥왕은 승려가 된 후 이름을 법운자라 칭하고 사랑하는 공주 중애를 위하여 중애암, 왕비의 별호인 도솔의 이름을 따서 도솔암을 건립하고 이곳에서 일생을 마쳤다고 한다. 진흥굴 바로 앞에는 삼인리의 장사송이 있다. 나무의 나이는 약 600살 정도로 추정되며, 나무 높이는 23m이다. 고창 사람들은 이 나무를 ‘장사송’ 또는, ‘진흥송’이라고 하는데, 장사송은 이 지역의 옛 이름이 장사현이었던 것에서 유래한 것이며, 진흥송은 옛날 진흥왕이 수도했다는 진흥굴 앞에 있어서 붙여진 이름이다. 나무의 모양이 아름답고 생육상태가 양호하며 보기 드물게 오래된 소나무로써 보존가치가 인정되어 천연기념물로 지정하여 보호하고 있다.",063-560-8681(선운산도립공원) 063-560-8681(선운산도립공원) http://gochang.grandculture.net/gochang 전북특별자치도 고창군 아산면 선운사로 250 (아산면) 상시 연중무휴 가능요금(무료) 더보기,"#고창여행, #관광지, #동굴, #역사, #자연, #자연발생, #자연속으로, #자연여행, #자연좋은곳, #자연풍경, #자연환경, #진흥왕"
도산서당,"도산서원의 초창연대는 정확하게 알 수 없으나 17세기 경 진사 오도환이 자신의 자제와 인근 아이들을 교육하던 곳이다. 예조참판을 역임한 오도환의 사위 정택신이 물려받아 집과 함께 관리하였으나 1862년에 만수 김영철이 매수하였다. 김영철이 옛 서당을 헐고 새 건물을 짓기를 원하자 김영철의 장손인 회천 김재종이 작은아버지 김순묵의 조언을 받아 1907년에 새롭게 강당을 건립하였고, 김영철의 호를 따 ‘만수당’이라 편액 하였다. 도산리에 자리 잡고 있어 도산서당이라고 이름 붙였지만 일명 섬뜸서당이라 불렸으며, 일찍부터 인재 양성을 위한 교육 기관으로서의 역할을 수행하였다. 도산서당의 동쪽에는 정면 3칸, 측면 3칸의 회천정사가 배치되어 있고, 뒤쪽에는 연지를 파고 후원을 꾸몄으며, 연지 옆에는 작은 정자가 세워져 있다. 비교적 관리가 잘 되고 있지만, 건물 왼쪽 쪽마루에 훼손이 있고, 기단부가 밀려나고 있다. 만수당의 편액은 전라감사 김성근의 필체이다.",063-560-2444 (고창군 문화예술과) 063-560-2444 (고창군 문화예술과) http://gochang.grandculture.net 전북특별자치도 고창군 고창읍 도산1길 4 (고창읍) 상시 연중무휴 가능 더보기,"#고창군향토문화유산, #고창여행, #관광지, #문화재, #역사, #역사공부, #역사관광지, #역사를품은곳, #역사문화재, #역사속, #역사속으로, #역사여행, #역사유적, #역사유적지, #역사탐방, #역사탐험, #향토문화유산"
신림저수지,"신림저수지는 신림면의 자포리와 송용리, 반룡리, 세곡리에 걸쳐 있으며, 신림면과 부안면, 흥덕면 일대에 관개용수를 공급하기 위하여 건립된 저수지이다. 1952년 착공하여 1956년에 준공되었으며 고창의 33개 저수지 중 가장 규모가 크다. 신림저수지는 방장산(734m)에서 발원하는 갈곡천 상류를 막아 만든 평지형 저수지로 방장산에서 발원한 맑은 물이 흘러들어 수원이 좋고 수심이 깊어 안정된 좋은 낚시터가 형성되어 있다. 주로 대형 붕어와 잉어가 잡힌다. 신림저수지로 흘러드는 소하천으로는 세곡천, 유점천, 반룡천, 덕화천, 월평천 등이 있다.",063-560-1504 (한국농어촌공사 고창지사) 063-560-1504 (한국농어촌공사 고창지사) http://tour.jb.go.kr/index.do 전북특별자치도 고창군 신림면 왕림로 130 상시 연중무휴 불가 무료 더보기,"#고창여행, #관광지, #산책하기좋은곳, #자연, #자연속으로, #자연여행, #자연좋은곳, #자연풍경, #자연환경, #저수지, #휴식하기좋은곳, #힐링산책"
운곡서원(고창),"운곡습지 탐방로를 이용하여 방문할 수 있는 운곡서원은 운곡습지 친환경 주차장에 주차를 한 후 탐방열차를 탑승하여 종점에서 내리면 된다. 운곡서원은 본래 선산김씨 사우로 중국의 주희와 김제·김주·김숙자·김종직의 학문과 덕행을 추모하기 위해 창건하여 위패를 모셨다. 그러다 자영산과 운곡이라는 지명이 주자가 강학하던 곳과 비슷하다 하여 당산에 세운 서원을 자손이 세거 하는 운곡으로 이건 하면서 주자의 위패까지 모시게 되었다. 고종 5년(1868) 대원군의 서원 철폐령에 의해 훼철되었다가 유림들과 후손들에 의하여 1905년 복설 되었고, 1924년에 복원되었다. 1981년 아산호가 축조되는 바람에 운곡리가 수몰되어 버려 운곡서운은 수몰되지 않고 남았으나 자손들은 떠나고 서원만 남아 있다. 운곡서원에는 주자학을 이어 온 집이라는 의미로 ‘신안구가’라는 편액이 걸려 있다. 이 편액의 한자는 추사 김정희의 글씨라고 알려져 있다.",고창운곡람사르습지 063-564-5582 고창운곡람사르습지 063-564-5582 http://gochang.grandculture.net/gochang 전북특별자치도 고창군 아산면 운곡서원길 337 (아산면) 상시 연중무휴 가능(운곡습지친환경 주차장)요금(무료) 더보기,"#고창여행, #관광지, #서원, #역사, #역사관광지, #역사를품은곳, #역사문화재, #역사속, #역사속으로, #역사유적, #역사유적지, #역사탐험, #운곡습지"
고창 운곡람사르습지,"2011년 람사르습지로 지정된 운곡습지는 국가생태관광지로 멸종 위기의 야생동물을 비롯한 희귀 동식물을 관찰할 수 있는 최고의 장소로 다양한 생명체들이 내뿜는 강인한 생명력을 느낄 수 있다. 운곡람사르습지 주변의 물은 다양한 물줄기로 운곡습지로 모이며, 대상지 주변 일대의 수계는 크게 고창천에서 인천강으로 흘러들어 북쪽 곰소만으로 흘러 들어가고 있다. 안덕제, 운곡제 등 크고 작은 웅덩이(물웅덩이)가 위치하고 있으며, 이러한 둠벙은 주변 생태연못 등으로 흘러 습지생태 자원들의 서식처로서 훌륭한 역할을 하고 있다.운곡저수지 일대에는 국화과, 벼과, 사초과, 마디풀과, 십자화과, 장미과, 콩과가 많이 분포한다. 오베이골에는 버드나무군락과 은사시나무군락, 운곡마을에는 저수지와 연접된 지점에 수생식물 집중 분포, 안덕제골에서 저수지와 연접된 곳은 연꽃과 같은 부엽식물, 그리고 계곡 안쪽에는 다양한 습지식물이 분포되어 있다.동물의 경우는 멸종위기 야생동물 1급인 수달과 황새, 멸종위기 야생동물 2급인 삵, 구렁이, 팔색조, 새호리기, 단비, 그리고 문화재청 천연기념물인 붉은배새매, 황조롱이 등이 서식한다. 이 외에도 어류 533개체, 양서·파충류 12종, 조류 611개체, 포유류 11종, 곤충 297종, 나비 22종이 서식한다.","운곡습지 탐방안내소 063-564-7076운곡습지 탐방열차 063-560-2720 운곡습지 탐방안내소 063-564-7076운곡습지 탐방열차 063-560-2720 고창군 문화관광https://tour.gochang.go.kr체험 프로그램http://www.ungokecotour.co.kr/ 전북특별자치도 고창군 아산면 운곡서원길 362 [운곡람사르습지] 상시 개방[탐방열차]- 3월~10월 10:00~17:00- 11월~2월 10:00~16:00※ 들어가는 열차 기준※ 운행시간은 홈페이지 참조 - 운곡람사르습지 : 연중무휴- 탐방열차 : 매주 월요일 / 1월 1일 / 설날 [운곡습지 탐방 열차]※ 탐방열차 문의 : 063-560-2720~1[생태관광프로그램]- 반딧불이 풀벌레 야행(6월, 9월)- 운곡습지학교- 생태공원 노르딕워킹- 용계마을 오디체험(6월 초순)- 오감만족동행-호암치유문화마을 프로그램- 송암마을 자연물공예체험※ 생태관광체험 문의 : 063-564-5582 무료 [운곡습지 탐방 열차]- 중학생 이상 2,000원- 초등학생 이하 1,000원- 무료 : 65세 이상(신분증 지참자에 한함)※ 편도기준 더보기","#2024_여행가는달과함께하는_발도장여행지, #23_24한국관광100선, #가볼래터, #경치여행, #경치좋은곳, #관광지, #남녀노소, #산책하기좋은곳, #자연, #자연관광지, #자연속으로, #자연좋은곳, #자연풍경, #자연환경, #전라권, #한국관광100선, #힐링산책"
참당암(고창),"참당암(懺堂庵)은 선운사를 나와 오른쪽 산길을 따라 가면 있다. 지금은 선운사의 산내 암자 가운데 하나로 그 격이 떨어졌으나 선운사의 여러 사암(寺庵) 가운데 가장 먼저 창건되었고, 본래의 이름도 ‘참당사’ 또는 ‘대참사(大懺寺)’라고 불렸던 큰 사찰이다. 의운(義雲) 선사에 의해 창건되었으며, 고려 시대부터 이어지는 여러 번의 중수가 있었다. 조선 성종 대(1469∼1494년) 이후 선운사가 산중의 중심 도량이 되면서 사세가 기울게 되었다.선운사에 속해 있는 암자인 참당암에는 대웅전이 있는데, 1984년 11월 30일에 보물로 지정되었다. 고창 선운사 참당암 대웅전은 의문화상이 신라 진평왕의 부탁으로 지었다고 한다. 대웅전의 규모는 앞면 3칸, 옆면 3칸이며, 지붕은 옆면에서 볼 때 사람 인(人)자 모양을 한 맞배지붕이다. 지붕 처마를 받치기 위해 장식하여 짜은 구조가 기둥 위뿐만 아니라 기둥 사이에도 있다. 이를 다포 양식이라 하는데 앞면에 짜인 공포는 전형적인 18세기 다포 양식을 보이고 있는 반면, 뒷면은 기둥 위에만 공포가 있는 주심포 양식을 취하고 있다. 이는 건물을 수리할 때 고려시대의 부재를 재활용한 것이라 짐작한다.",선운사 063-561-1422 선운사 063-561-1422 http://www.seonunsa.org/ 전북특별자치도 고창군 아산면 도솔길 194-77 상시 개방 연중무휴 가능 무료 더보기,"#고창여행, #관광지, #불교, #불교문화, #사찰, #사찰여행, #선운산, #역사, #자연속으로, #자연환경, #전통사찰, #한국불교, #휴식공간, #휴식여행, #휴식하기, #휴식하기좋은곳"
서해안 바람공원,"고창 서해안 바람공원은 빨간 풍차와 공원의 산책로를 따라 조성된 바람개비 등의 구조물을 감상하며 휴식을 취할 수 있는 곳이다. 해안선을 따라 갯벌 등을 관찰할 수 있는 2층 높이의 나무 데크길이 조성되어 있다. 데크에 오르면 갯벌, 바다 뷰를 보며 쉴 수 있는 쉼터가 마련되어 있어 편안하게 서해안 바람공원의 경치를 조망할 수 있다. 또한 서해안의 아름다운 일몰을 감상할 수 있기도 하다. 서해안 바람공원에 오면 고창 갯벌에 어떤 생명체들이 살고 있는지 알 수 있어서 어린이들에게는 좋은 자연 학습장이 된다. 아이들에게는 살아있는 교육장으로 어른들에게는 산책로, 전망대 등 힐링을 하기에 좋은 곳으로 남녀노소 즐길 수 있는 공원이다.",고창군 관광안내소 063-560-8055 고창군 관광안내소 063-560-8055 전북특별자치도 고창군 심원면 애향갯벌로 311 상시 개방 연중무휴 가능 더보기,"#고창가볼만한곳, #고창여행, #관광지, #국가지질공원, #산책코스, #산책하기좋은곳, #아이와함께, #일몰명소, #전북_서해안_국가지질공원, #휴식공간, #휴식여행, #휴식하기좋은곳, #힐링산책, #힐링여행"
고창고인돌박물관,"고창고인돌박물관은 청동기시대의 각종 유물 및 생활상과 세계의 고인돌 문화를 한눈에 살펴볼 수 있다. 상설전시관은 전체 전시 공간에 대한 관람 정보와 상설전시 공간으로 구성하였다. 주제전시실의 전시 내용을 압축해서 상설 전시함으로써 전시 내용에 대한 관심과 흥미를 일으켜 적극적인 관람 욕구를 유도, 관람 분위기를 조성하였다. 전시관 3층에 마련된 체험 공간에서는 불 피우기, 암각화 그려보기, 고인돌 만들기 등을 직접 체험해 볼 수 있다. 또한 원형움집의 내부를 1:1 실물 크기의 모형으로 만들어 직접 사진을 찍을 수 있는 포토존이 마련되어 있다. 전시관 외부의 넓은 야외공간은 고창 청동기인의 생활상을 체험해 볼 수 있는 테마공간으로 조성하였다.선사인의 생활 모습을 보여주는 선사마을과 고인돌의 덮개돌을 운반해 볼 수 있는 고인돌 끌기 체험 마당과 대표적인 묘제 양식을 확인할 수 있는 전시마당으로 구성되어 다양한 볼거리를 제공한다. 또한, 안내데스크 및 정보검색 시스템을 설치하여 관람객을 위한 사진정보를 제공할 수 있도록 하였다.","063-560-8666 063-560-8666 https://www.gochang.go.kr/gcdolmen 전북특별자치도 고창군 고창읍 고인돌공원길 74 [하절기(3~10월)]- 09:00~18:00[동절기(11~2월)]- 09:00~17:00* 입장은 관람종료 1시간 전 1월 1일/ 월요일 / 고창군수가 정하는 휴관일 가능(소형160대 / 대형76대 주차 가능) [개인]- 어른 3,000원 / 청소년, 군인 2,000원 / 어린이 1,000원[단체]- 어른 2,400원 / 청소년, 군인 1,600원 / 어린이 600원※ 단체는 30인 이상 [입장료 면제대상]- 국가무형문화재 보유자 및 그 수행원 차량- 문화재를 연구하기 위하여 문화체육관광부장관의 승인을 얻은 자- 장애인복지법의 적용을 받은 장애인- 국가유공자등예우및지원에관한법률의 적용을 받는 국가유공자- 보호자를 동반한 6세 이하의 유아- 주민등록증 또는 경로우대증을 제시한 65세이상 노인 [관광해설]- 문화관광해설사(통합예약사이트에서 예약가능)- 죽림선사마을 체험(사전 예약)- 고창 청동기 고인돌 AR 체험 출입구까지 경사로가 설치되어 있음(완만함) 높낮이 차가없어 휠체어로 출입 가능 장애인 주차장 있음(7대)_무장애 편의시설 엘리베이터 있음 점자블록 있음(주요시설 앞)_시각장애인 편의시설 대여 가능(4대) 수유실 있음 (1층) 대여 가능(3대) 장애인 화장실 내 유아용 보호의자 있음
수유실 내 소파 있음
화장실 내 기저귀 교환대 있음 동반가능 전시물 앞을 지날때 음성해설 기능이 작동함 매표소 있음(높이 낮음) 더보기","#고인돌, #고인돌박물관, #고창고인돌박물관, #고창여행, #문화관광해설사, #문화시설, #박물관, #역사공부, #역사를품은곳, #역사속, #역사속으로, #역사여행, #역사유적, #역사유적지, #역사이야기, #역사탐방, #역사탐험"
계산서원,"공의로 김지대(1190~1266)의 충효를 기리기 위해 현재의 경상남도 밀양군 청도면 두곡리에 남계서원을 창건하여 위패를 모셨다. 사당의 명칭을 충효사라 하고 선현 배향과 지방 교육을 담당하다가, 고종 51년(1868) 대원군의 서원 철폐령으로 훼철되었다. 위패는 뒷산에 묻고 단을 세워 향사하다가, 1907년에는 후손들이 강당인 쌍수당을 중건하기도 하였다. 그 뒤 전라북도 무장향교 관내 유생들이 발의하여 1982년 현재의 이곳으로 옮겨 복원하고, 명칭을 계산서원이라 하였다. 서원 내에는 사당인 상충사 3칸, 강당인 경의당 4칸, 감모재 5칸, 내삼문, 정문인 쌍수문, 고직사 등이 있다.",고창군 관광안내소 063-560-8055 고창군 관광안내소 063-560-8055 전북특별자치도 고창군 상하면 상라길 117 상시 개방 연중무휴 가능 무료 더보기,"#고창여행, #관광지, #김지대, #서원, #역사, #역사공부, #역사관광지, #역사를품은곳, #역사문화재, #역사속, #역사속으로, #역사유적, #역사유적지, #역사이야기, #역사탐방, #역사탐험, #청도김씨"
도동서원(고창),"도동서원은 전북특별자치도 고창군 신림면에 위치해 있다. 도동서원은 도동사라고도 불리며, 고창군의 향토유산으로 지정되어 있다. 도동서원은 1928년에 지역의 유림들이 나라에 충성을 하고 절의를 도모하고자 방호정사 안쪽에 지은 사당이다. 방호정사는 한말의 수남 고석진(1856~1924)이 후학을 가르치던 곳이다.도동서원(도동사)에는 조선의 독립을 위해 순절한 의병 대장 면암 최익현(1833~1906)과 수남 고석진(1856~1924), 송천 고예진, 송제 고용진 등이 위패가 안치되어 있다. 이들은 최익현을 따라 항일 의병에 참여했을 뿐만 아니라, 1919년에 한국의 독립 청원서를 파리 강화 회의에 보냈으며, 이로 말미암아 일제의 탄압을 받은 분들이다.",고창군 관광안내소 063-560-8055 고창군 관광안내소 063-560-8055 전북특별자치도 고창군 신림면 가평1길 64 상시 개방 연중무휴 가능 고창군 향토유산 도동서원(도동사) (2004.06.08 지정) 무료 더보기,"#고창군향토문화유산, #고창여행, #관광지, #문화재, #서원, #역사, #역사관광, #역사관광지, #역사를품은곳, #역사문화, #역사문화재, #역사속, #역사속으로, #역사이야기, #역사탐방, #역사탐험, #향토문화유산"

